Nom;Étoiles;Interlocuteur;Adresse;Email;Téléphone;Site Internet;Segment;Sites Touristiques;Capacité;Emplacements;Clef Verte;Nb tentatives;Date;Date de rappel;État;Statut;Commentaires
"CAMPING LE FIEF";"5 étoiles";"";"57 chemin du Fief, 44250 SAINT-BREVIN-LES-PINS";"Non trouvé";"0240272386";"https://www.camping-le-fief.com/";"Campings engagés";"";"1452";"363";"Oui";"1";"2026-09-23";"";"Mail à envoyer";"En attente";"fief@sandaya.fr"
"CAMPING LES PINS";"4 étoiles";"";"Avenue du Tech, 66700 ARGELÈS-SUR-MER";"camping@les-pins.com";"04 68 81 10 46";"https://www.les-pins.com/";"Campings engagés";"";"945";"315";"Oui";"1";"2026-09-23";"";"Appel passé";"En attente";"Téléphoner à partir du 06/10 car en pleine fin de saison"
"CAMPING NOVELA";"3 étoiles";"";"406 boulevard Francis Vals, 11210 PORT-LA-NOUVELLE";"Non trouvé";"04 84 39 08 60";"https://www.homair.com/camping-port-la-nouvelle";"Campings engagés";"";"591";"197";"Oui";"1";"2026-09-23";"";"Appel passé";"Refus";"Pas intéressé"
"CAMPING L'AMBOIS";"4 étoiles";"";"13 LIEU-DIT AMBOIS, 85000 MOUILLERON-LE-CAPTIF";"contact@campingambois.com";"0251372915";"http://www.campingambois.com/";"Campings engagés";"";"213";"71";"Oui";"1";"2026-09-23";"";"Mail à envoyer";"En attente";""
"CAMPING LE CLOS COTTET";"4 étoiles";"";"Route de la Tranche sur Mer, 85750 ANGLES";"Non trouvé";"04 84 39 08 60";"https://www.homair.com/camping/clos-cottet";"Campings engagés";"";"976";"195";"Oui";"2";"";"";"Appel passé";"Refus";"Pas de réponse"
"CAMPING ALOHA";"5 étoiles";"";"Allée des dunes, 34410 SÉRIGNAN";"Non trouvé";"+33 4 11 32 90 00";"http://www.alohacamping.com";"Campings engagés";"";"1180";"301";"Oui";"1";"";"";"Appel passé";"Refus";"Pas intéréssé"
"CAMPING DU LAC";"4 étoiles";"";"morangies, 48800 POURCHARESSES";"Non trouvé";"+33466468127";"http://www.camping-lac-cevennes.com";"Campings engagés";"";"234";"78";"Oui";"1";"";"";"Appel passé";"Refus";"Ne veut pas de digital"
"CAMPING LA GENÈSE";"3 étoiles";"";"Route de la Genèse, 30430 MÉJANNES-LE-CLAP";"Non trouvé";"+33533092092";"http://www.lagenese.com/";"";"";"1278";"426";"Oui";"2";"";"";"Appel passé";"A rappeler";"0411920440, va peut-être rappeler dans l'après-midi"
"CAMPING LOYADA";"4 étoiles";"";"111 Rue de la source, 85440 TALMONT-SAINT-HILAIRE";"Non trouvé";"0256717735";"https://www.camping-loyada.fr/";"Campings engagés";"";"681";"227";"Oui";"1";"";"";"Appel passé";"Refus";"Pas intéressé"
"CAMPING LES AMIAUX";"4 étoiles";"";"223 route de Notre Dame de Monts, 85160 SAINT-JEAN-DE-MONTS";"accueil@amiaux.fr";"0251582222";"https://www.amiaux.fr/";"Campings engagés";"";"1854";"543";"Oui";"1";"";"";"Appel passé";"Refus";"Pas de réponse"
"CAMPING NANTES";"5 étoiles";"";"21 boulevard du Petit Port, 44300 NANTES";"nantes-camping@nge-nantes.fr";"+33240744794";"http://www.nantes-camping.fr";"Campings engagés";"";"456";"152";"Oui";"1";"";"";"Appel passé";"Refus";"Pas de réponse"
"CAMPING BLUE BAYOU";"5 étoiles";"";"Vendres Plage Ouest, 34350 VALRAS-PLAGE";"Non trouvé";"+33 4 11 32 90 00";"https://www.sandaya.fr/Camping/France/Languedoc/Blue-Bayou/";"Campings engagés";"";"1617";"539";"Oui";"2";"";"";"Appel passé";"RDV fixé";"RDV fixé le 30/09/2026 à 14h00 avec la responsable hébergement contactée au 0467374197 "
"CAMPING FALAISE NARBONNE PLAGE";"4 étoiles";"";"8 avenue des vacances, 11100 NARBONNE";"Non trouvé";"04 84 39 08 60";"https://www.homair.com/camping/falaise-narbonne-plage";"Campings engagés";"";"1194";"398";"Oui";"1";"";"";"Appel passé";"Refus";"Pas intéressé"
"CAMPING CALIFORNIE PLAGE";"4 étoiles";"";"Côte ouest, 34450 VIAS";"info@californie-plage.fr";"33467216469";"http://www.californie-plage.fr";"Campings engagés";"";"966";"322";"Oui";"1";"";"";"Mail à envoyer";"En attente";"info@californie-plage.fr"
"CAMPING LES CHARDONS BLEUS DE LA TURBALLE";"4 étoiles";"";"Boulevard de la grande falaise, 44420 LA TURBALLE";"Non trouvé";"04 84 39 08 60";"https://www.homair.com/camping/les-chardons-bleus";"Campings engagés";"";"900";"300";"Oui";"1";"";"";"Appel passé";"Refus";"Pas intérressé"
"CAMPING LA CASCADE";"3 étoiles";"";"camping la cascade, 48150 MEYRUEIS";"campinglacascade48@outlook.fr";"330466454545";"www.camping-la-cascade.com";"Campings engagés";"";"162";"54";"Oui";"1";"";"";"Appel passé";"Refus";"Pas intéressé"
"CAMPING DE LA CLAPE";"5 étoiles";"";"2 rue du Gouverneur, 34300 AGDE";"contact@camping-laclape.com";"0467264132";"https://camping-laclape.com/";"Campings engagés";"";"1272";"424";"Oui";"1";"";"";"Appel passé";"Refus";"Pas intéressé"
"CAMPING L'ARIZE";"4 étoiles";"";"Lieu-dit Bourtol, 9240 LA BASTIDE-DE-SÉROU";"camping.arize@gmail.com";"05 61 65 81 51";"https://www.camping-arize.com/";"Campings engagés";"";"273";"91";"Oui";"1";"";"";"Mail à envoyer";"En attente";"mail@camping-ariz.com"
"CAMPING LA MARINA DE CANET";"4 étoiles";"";"Avenue des Anneaux du Roussillon, 66140 CANET-EN-ROUSSILLON";"Non trouvé";"04 84 39 08 60";"https://www.homair.com/camping/la-marina-de-canet";"Campings engagés";"";"828";"276";"Oui";"1";"";"";"Appel passé";"Refus";"Pas intéréssé"
"CAMPING DOMAINE DE LA BRÈCHE";"5 étoiles";"";"5 impasse de la Brèche, 49730 VARENNES-SUR-LOIRE";"Non trouvé";"04 84 39 08 60";"https://www.homair.com/camping/le-domaine-de-la-breche";"camping engagés";"";"732";"244";"Oui";"";"";"";"";"";""
"CAMPING LE PALAVAS";"4 étoiles";"";"Route de maguelone, 34250 PALAVAS-LES-FLOTS";"Non trouvé";"0430051764";"https://www.palavas-camping.fr/";"camping engagés";"";"1116";"372";"Oui";"";"";"";"";"";""
"CAMPING LE PAIN DE SUCRE";"3 étoiles";"";"Quartier Couret, 65120 GAVARNIE-GÈDRE";"Non trouvé";"0562924755";"http://www.camping-gavarnie.com";"camping engagés";"";"162";"54";"Oui";"";"";"";"";"";""
"CAMPING LE NEPTUNE";"4 étoiles";"";"Avenue de la retirada, 66700 ARGELÈS-SUR-MER";"Non trouvé";"04 84 39 08 60";"https://www.homair.com/camping/le-neptune";"camping engagés";"";"576";"192";"Oui";"";"";"";"";"";""
"CAMPING LE RÊVE";"3 étoiles";"";"Lieu-dit Revers, 46300 LE VIGAN";"Non trouvé";"0Non trouvé";"http://www.campinglereve.com";"camping engagés";"";"250";"60";"Oui";"";"";"";"";"";""
"CAMPING DE LA FORÊT";"3 étoiles";"";"Route de Septfontaine, 25270 LEVIER";"Non trouvé";"+33381895346";"https://camping-dela-foret.com/";"camping engagés";"";"225";"75";"Oui";"";"";"";"";"";""
"CAMPING LE SOLEIL DES BASTIDES";"3 étoiles";"";"279 route de Cordes, 81140 CAHUZAC-SUR-VÈRE";"info@camping-le-soleil-des-bastides.fr";"05 63 33 91 94";"https://camping-le-soleil-des-bastides.fr/";"camping engagés";"";"186";"62";"Oui";"";"";"";"";"";""
"CAMPING LE NAPOLÉON";"5 étoiles";"";"1171 avenue de la Méditerranée, 34450 VIAS";"Non trouvé";"04 84 39 08 60";"https://www.homair.com/camping/club-le-napoleon";"camping engagés";"";"498";"166";"Oui";"";"";"";"";"";""
"CAMPING LES TAMARIS";"5 étoiles";"";"140 avenue d'Ingril, 34110 FRONTIGNAN";"Non trouvé";"+33 4 11 32 90 00";"https://www.sandaya.fr/nos-campings/les-tamaris";"camping engagés";"";"687";"229";"Oui";"";"";"";"";"";""
"CAMPING DE LA BOSSE";"4 étoiles";"";"Rue du port, 85740 L'ÉPINE";"Non trouvé";"+33 4 11 32 90 00";"http://www.camping-de-la-bosse.com/";"camping engagés";"";"600";"200";"Oui";"";"";"";"";"";""
"CAMPING TOHAPI LE PETIT MOUSSE";"4 étoiles";"";"Chemin de la grande cosse, 34450 VIAS";"Non trouvé";"04 30 05 15 19";"https://www.tohapi.fr/languedoc-roussillon/camping-le-petit-mousse.php";"camping engagés";"";"855";"285";"Oui";"";"";"";"";"";""
"CAMPING LES RIVAGES";"4 étoiles";"";"860 avenue de l'Aigoual, 12100 MILLAU";"Non trouvé";"+33 4 11 32 90 00";"https://www.campinglesrivages.com/";"camping engagés";"";"1256";"298";"Oui";"";"";"";"";"";""
"CAMPING DE LA FORÊT";"4 étoiles";"";"190 chemin de la Rive, 85160 SAINT-JEAN-DE-MONTS";"camping-la-foret@orange.fr";"+33 2 51 58 84 63";"https://www.hpa-laforet.com/fr/";"camping engagés";"";"244";"61";"Oui";"";"";"";"";"";""
"CAMPING PRÉ FIXE";"4 étoiles";"";"Route de Saint Gaudens, 31420 CASSAGNABÈRE-TOURNAS";"camping.prefixe@gmail.com";"33561987100";"http://www.camping-pre-fixe.com";"camping engagés";"";"129";"43";"Oui";"";"";"";"";"";""
"CAMPING LE VAL DE L'ARRE";"4 étoiles";"";"Route du Pont de la Croix, 30120 LE VIGAN";"valdelarre@wanadoo.fr";"04 67 81 02 77";"http://www.camping-levaldelarre.com/";"camping engagés";"";"570";"170";"Oui";"";"";"";"";"";""
"CAMPING LE MOULIN";"4 étoiles";"";"Lieu-dit le moulin, 31220 MARTRES-TOLOSANE";"Non trouvé";"05 61 98 86 40";"http://www.campinglemoulin.com";"camping engagés";"";"357";"119";"Oui";"";"";"";"";"";""
"CAMPING LES SABLINES";"4 étoiles";"";"chemin des montilles, 34350 VENDRES";"Non trouvé";"04 84 39 08 60";"https://www.homair.com/camping/les-sablines";"camping engagés";"";"459";"153";"Oui";"";"";"";"";"";""
"CAMPING SANDAYA ILE DES PAPES";"4 étoiles";"";"1497 route du barrage de villeneuve, 30400 VILLENEUVE-LÈS-AVIGNON";"Non trouvé";"+33 4 11 32 90 00";"https://www.sandaya.fr/nos-campings/l-ile-des-papes";"camping engagés";"";"1236";"325";"Oui";"";"";"";"";"";""
"CAMPING DOMAINE LA YOLE";"5 étoiles";"";"Avenue de la Méditerranée, 34350 VENDRES";"Non trouvé";"04 84 39 08 60";"https://www.homair.com/camping/le-domaine-de-la-yole";"Campings engagés";"";"3252";"1084";"Oui";"1";"";"";"Appel passé";"Refus";"Standard téléphonique donc pas d'interlocuteur direct"
"CAMPING SOL À GOGO";"4 étoiles";"";"61 avenue de la Pège, 85270 SAINT-HILAIRE-DE-RIEZ";"Non trouvé";"04 84 39 08 60";"https://www.homair.com/camping/sol-gogo";"Campings engagés";"";"561";"187";"Oui";"1";"";"";"Appel passé";"Refus";"Standard téléphonique donc pas d'interlocuteur direct"
"CAMPING TOHAPI RIEUMONTAGNÉ";"4 étoiles";"";"Lac le Louzas, 81320 NAGES";"Non trouvé";"04 30 05 15 19";"https://www.tohapi.fr/midi-pyrenees/camping-rieumontagne.php";"";"";"700";"170";"Oui";"1";"";"";"Appel passé";"Refus";"Standard téléphonique donc pas d'interlocuteur direct"
"CAMPING LE BOIS FLEURI";"5 étoiles";"";"Route de Sorède, 66700 ARGELÈS-SUR-MER";"contact@bois-fleuri.com";"+33 4 68 81 70 00";"https://www.bois-fleuri.com/";"Campings engagés";"";"675";"225";"Oui";"1";"";"";"Mail à envoyer";"En attente";""
"CAMPING PRADELONGUE";"4 étoiles";"";"5 chemins des Trêtes, 31110 MOUSTAJON";"Non trouvé";"+33561798644";"https://www.camping-pradelongue.com/";"";"";"510";"168";"Oui";"";"";"";"";"";"Va peut-être rappeler l'après-midi du 24/09"
"CAMPING DE LA TRÉVILLIÈRE";"4 étoiles";"";"Route de Bellevue, 85470 BRETIGNOLLES-SUR-MER";"camping.trevilliere@chadotel.com";"0251330505";"https://www.chadotel.com/camping-la-trevilliere-bretignolles-sur-mer/";"Campings engagés";"";"588";"196";"Oui";"1";"";"";"Appel passé";"Refus";"Pas de réponse"
"CAMPING LES DUNES";"5 étoiles";"";"voie de barcelone, 66440 TORREILLES";"Non trouvé";"04 84 39 08 60";"https://www.homair.com/camping/les-dunes";"Campings engagés";"";"1845";"615";"Oui";"1";"";"";"Appel passé";"Refus";"Standard de reservation"
"CAMPING DOMAINE LE MIDI";"5 étoiles";"";"Rue du Camping, 85630 BARBÂTRE";"Non trouvé";"+33 4 11 32 90 00";"https://www.sandaya.fr/nos-campings/domaine-le-midi";"Campings engagés";"";"847";"388";"Oui";"1";"";"";"Appel passé";"Refus";"Standard de réservation "
"CAMPING LA PRESQU'ÎLE DU BARCARÈS";"4 étoiles";"";"Avenue de la Presqu'île, 66420 LE BARCARÈS";"Non trouvé";"04 84 39 08 60";"https://www.homair.com/camping/la-presquile-du-barcares";"Campings engagés";"";"462";"154";"Oui";"1";"";"";"Appel passé";"Refus";"Standard de reservation"
"CAMPING LA PRAIRIE";"4 étoiles";"";"146 rue du Moulin Cassé, 85160 SAINT-JEAN-DE-MONTS";"contact@campingprairie.com";"0251581604";"https://www.campingprairie.com/";"Campings engagés";"";"476";"119";"Oui";"1";"";"";"Appel passé";"Refus";"Pas intéressé, déjà des parcours de pistes cyclables autour"
"CAMPING LA TAMARISSIÈRE";"4 étoiles";"";"4 rue du Commandant Malet, 34300 AGDE";"contact@camping-latama.com";"0467947946";"https://camping-latama.com/";"Campings engagés";"";"1569";"523";"Oui";"1";"";"";"Mail à envoyer";"En attente";"envoyer mail au contact@camping-latama.com"
"CAMPING LE DOMAINE DE MASSEREAU";"5 étoiles";"";"1990 route dAubais, 30250 SOMMIÈRES";"Non trouvé";"04 84 39 08 60";"https://www.homair.com/camping/le-domaine-de-massereau";"camping engagés";"";"850";"199";"Oui";"";"";"";"";"";""
"CAMPING SANDAYA LE LITTORAL";"5 étoiles";"";"Lieu-dit Le Porteau, 85440 TALMONT-SAINT-HILAIRE";"Non trouvé";"+33 4 11 32 90 00";"https://www.sandaya.fr/nos-campings/le-littoral";"camping engagés";"";"1893";"418";"Oui";"";"";"";"";"";""
"CAMPING SANDAYA LES VAGUES";"4 étoiles";"";"Chemin des Montilles, 34350 VENDRES";"Non trouvé";"+33 4 11 32 90 00";"https://www.sandaya.fr/vag";"camping engagés";"";"1272";"424";"Oui";"";"";"";"";"";""
"CAMPING LES ÉCUREUILS";"4 étoiles";"";"24 avenue Gilbert Burlot, 44760 LA BERNERIE-EN-RETZ";"camping.les.ecureuils@chadotel.com";"0251330505";"https://www.chadotel.com/camping-les-ecureuils-la-bernerie-en-retz/";"forte capacité";"";"939";"313";"Non";"";"";"";"";"";""
"CAMPING LES SIRÈNES";"4 étoiles";"";"71 avenue des Demoiselles, 85160 SAINT-JEAN-DE-MONTS";"info@camping-lessirenes.fr";"+33251580131";"https://www.camping-lessirenes.fr";"forte capacité";"";"1359";"453";"Non";"";"";"";"";"";""
"CAMPING BEAU RIVAGE";"4 étoiles";"";"Route départementale 613, 34140 MÈZE";"beaurivage@cielavillage.com";"+33(0)466600700";"http://www.camping-beaurivage.fr";"forte capacité";"";"702";"234";"Non";"";"";"";"";"";""
"CAMPING DES PÊCHEURS";"3 étoiles";"";"9 CHEMIN DE LA PLAGE, 39130 PONT-DE-POITTE";"contact@juravacances.com";"+33384483133";"www.camping-pecheurs.com";"forte capacité";"";"468";"156";"Non";"";"";"";"";"";""
"CAMPING BEAUREGARD PLAGE";"3 étoiles";"";"250 chemin de l'airette, 34340 MARSEILLAN";"reception@beauregardplage.com";"+33(0)4 67 77 15 45";"http://www.camping-beauregard-plage.com/";"forte capacité";"";"600";"200";"Non";"";"";"";"";"";""
"CAMPING BEAUSÉJOUR";"4 étoiles";"";"Avenue du tech, 66700 ARGELÈS-SUR-MER";"contact@camping-lebeausejour.com";"+33468811063";"http://www.camping-lebeausejour.com";"forte capacité";"";"558";"186";"Non";"";"";"";"";"";""
"CAMPING BEAUSÉJOUR";"4 étoiles";"";"La Maïre plage de la Séoune, Domaine de Beauséjour, 34410 SÉRIGNAN";"Non trouvé";"0Non trouvé";"http://www.camping-beausejour.com";"forte capacité";"";"1140";"380";"Non";"";"";"";"";"";""
"CAMPING ROBINSON";"4 étoiles";"";"Quai de Plaisance, 34340 MARSEILLAN";"Non trouvé";"04 67 21 90 07";"https://www.camping-robinson.com/fr/";"forte capacité";"";"624";"156";"Non";"";"";"";"";"";""
"CAMPING AL SOL";"5 étoiles";"";"Route de Taxo d'Amont, 66700 ARGELÈS-SUR-MER";"info@campingalsol.com";"+33468810413";"http://campingalsol.com/";"forte capacité";"";"672";"224";"Non";"";"";"";"";"";""
"CAMPING DE LA MARJORIE";"4 étoiles";"";"640 boulevard de l'Europe, 39000 LONS-LE-SAUNIER";"reservation@camping-marjorie.com";"0Non trouvé";"https://www.camping-marjorie.com/";"forte capacité";"";"576";"190";"Non";"";"";"";"";"";""
"CAMPING YELLOH ! VILLAGE PARC DE MONTSABERT";"4 étoiles";"";"Camping Parc de Montsabert, 49320 COUTURES";"Non trouvé";"0Non trouvé";"http://parcdemontsabert.com";"forte capacité";"";"504";"168";"Non";"";"";"";"";"";""
"CAMPING AU BON ENDROIT";"4 étoiles";"";"19 rue du gué léger, 71600 PARAY-LE-MONIAL";"campingaubonendroit@gmail.com";"+33385888920";"https://www.campingaubonendroit.fr/";"forte capacité";"";"483";"161";"Non";"";"";"";"";"";""
"CAMPING RIEZ À LA VIE";"4 étoiles";"";"9 avenue de la Parée Préneau, 85270 SAINT-HILAIRE-DE-RIEZ";"camping@riezalavie.com";"+33251543049";"https://www.riezalavie.com/";"forte capacité";"";"1320";"440";"Non";"";"";"";"";"";""
"CAMPING VILLAGE DE LA GUYONNIÈRE";"5 étoiles";"";"La Guyonnière, 85150 SAINT-JULIEN-DES-LANDES";"info@laguyonniere.com";"+33 (0)2 51 46 62 59";"https://www.camping-guyonniere.com/";"forte capacité";"";"1188";"396";"Non";"";"";"";"";"";""
"CAMPING BEAUREGARD";"4 étoiles";"";"2 Grande Rue, 39130 MESNOIS";"reception@juracampingbeauregard.com";"03 84 48 32 51";"https://www.juracampingbeauregard.com/";"forte capacité";"";"576";"192";"Non";"";"";"";"";"";""
"CAMPING RCN LA FERME DU LATOIS";"4 étoiles";"";"Le Latois, 85220 COËX";"contact@rcn.fr";"+31850400700";"https://www.rcn.nl/fr/camping/france/vendee/rcn-la-ferme-du-latois";"forte capacité";"";"274";"218";"Non";"";"";"";"";"";""
"CAMPING ZAGARELLA";"4 étoiles";"";"Routes des sables, 85160 SAINT-JEAN-DE-MONTS";"Non trouvé";"04 84 39 08 60";"https://www.homair.com/camping/le-zagarella";"forte capacité";"";"873";"291";"Non";"";"";"";"";"";""
"EDEN CAMPING";"4 étoiles";"";"Route de Palavas, 34970 LATTES";"Non trouvé";"+33467151161";"https://www.eden-camping.fr";"forte capacité";"";"870";"290";"Non";"";"";"";"";"";""
"CAMPING'BEL";"4 étoiles";"";"4 rue du Bottereau, 85360 LA TRANCHE-SUR-MER";"belcampsite@gmail.com";"0Non trouvé";"https://www.campingbel.com/";"forte capacité";"";"585";"195";"Non";"";"";"";"";"";""
"DOMAINE PRESQU'ÎLE DE LA FRANQUI";"5 étoiles";"";"Chemin Des Coussoules, 11370 LEUCATE";"Non trouvé";"0Non trouvé";"https://www.viglamo.com/";"forte capacité";"";"456";"152";"Erreur site";"";"";"";"";"";""
"CAMPING DES BORDS DE LOUE";"3 étoiles";"";"Rue du camping, 39100 PARCEY";"Non trouvé";"0Non trouvé";"https://www.jura-camping.fr/";"forte capacité";"";"708";"236";"Non";"";"";"";"";"";""
"CAMPING ODALYS LES DUNES";"4 étoiles";"";"les conches, 85560 LONGEVILLE-SUR-MER";"Non trouvé";"0484474922";"https://www.odalys-vacances.com/location-mer/pays-de-la-loire/longeville-sur-mer/les-dunes.html#";"forte capacité";"";"1000";"241";"Non";"";"";"";"";"";""
"CAMPING BEACH GARDEN LES MÉDITERRANÉES";"5 étoiles";"";"Avenue des campings, 34340 MARSEILLAN";"info@beach-garden-camping.com";"+33 (0)4 67 21 92 83";"https://www.lesmediterranees.com/camping-beach-garden-marseillan-plage";"forte capacité";"";"2487";"829";"Non";"";"";"";"";"";""
"CAMPING LE DOMAINE DE MAËL";"5 étoiles";"";"Taxo d'Avall, 66700 ARGELÈS-SUR-MER";"mael@capfun.com";"04.68.81.17.03";"https://www.capfun.com/camping-france-languedoc_roussillon-domaine_de_mael-FR.html";"forte capacité";"";"2000";"389";"Non";"";"";"";"";"";""
"CAMPING LES ÉCUREUILS";"4 étoiles";"";"100 avenue de la Pège, 85270 SAINT-HILAIRE-DE-RIEZ";"Non trouvé";"0251543371";"https://www.camping-aux-ecureuils.com/";"forte capacité";"";"860";"215";"Non";"";"";"";"";"";""
"CAMPING CHÂTEAU DE L’ÉPERVIÈRE";"5 étoiles";"";"6 Rue du Château, 71240 GIGNY-SUR-SAÔNE";"info@domaine-eperviere.com";"+33 3 85 94 16 90";"http://www.domaine-eperviere.com";"forte capacité";"";"480";"160";"Non";"";"";"";"";"";""
"CAMPING LES MICOCOULIERS";"3 étoiles";"";"route de palau del vidre, 66690 SORÈDE";"info@camping-les-micocouliers.com";"0468892027";"http://www.camping-les-micocouliers.com/";"forte capacité";"";"507";"169";"Non";"";"";"";"";"";""
"CAMPING LES MARSOUINS";"5 étoiles";"";"AVENUE DE LA RETIRADA, 66700 ARGELÈS-SUR-MER";"lesmarsouins@cielavillage.com";"+33 (0)4 68 81 14 81";"http://lesmarsouins.cielavillage.fr/";"forte capacité";"";"1653";"551";"Non";"";"";"";"";"";""
"CAMPING LE SOLEYA";"3 étoiles";"";"43 avenue du Cormier, 44730 SAINT-MICHEL-CHEF-CHEF";"info@campinglesoleya.com";"+33240278281";"https://www.campinglesoleya.com/";"forte capacité";"";"762";"254";"Non";"";"";"";"";"";""
"CAMPING LES FLAMANTS ROSES";"4 étoiles";"";"5001 route de Canet, 66570 SAINT-NAZAIRE";"elenamya1@hotmail.fr";"+33468802103";"https://www.lesflamantsroses.com/";"forte capacité";"";"480";"160";"Non";"";"";"";"";"";""
"CAMPING LA VENTOUSE";"4 étoiles";"";"18 bis rue Pierre Curie, 85520 JARD-SUR-MER";"Non trouvé";"+33251335865";"https://www.campinglaventouse.com/";"forte capacité";"";"534";"178";"Non";"";"";"";"";"";""
"CAMPING LE DOMAINE DE L'EPINETTE";"4 étoiles";"";"15 rue de l'Epinette, 39130 CHÂTILLON";"contact@juravacances.com";"+33384483133";"https://www.domaine-epinette.com/fr/";"forte capacité";"";"450";"150";"Non";"";"";"";"";"";""
"CAMPING MAS DES LAVANDES";"4 étoiles";"";"Route de Valras-Plage, 34410 SÉRIGNAN";"Non trouvé";"04 67 39 75 88";"https://www.lemasdeslavandes.fr/";"forte capacité";"";"900";"300";"Non";"";"";"";"";"";""
"CAMPING TERRE DE SOLEIL";"3 étoiles";"";"Domaine Saint Jean des sources, 34850 PINET";"Non trouvé";"0Non trouvé";"http://naturisme-terredesoleil.fr";"forte capacité";"";"468";"156";"Non";"";"";"";"";"";""
"CAMPING TAXO LES PINS";"4 étoiles";"";"Route de Taxo à la Mer, 66700 ARGELÈS-SUR-MER";"Non trouvé";"+33468810605";"https://www.taxolespins.com/";"forte capacité";"";"1452";"484";"Non";"";"";"";"";"";""
"CAMPING SOLEIL LEVANT";"3 étoiles";"";"Lac de Pareloup, 12290 CANET-DE-SALARS";"soleil-levant@clicochic.com";"05 65 46 03 65";"https://www.camping-soleil-levant.com/fr/";"forte capacité";"";"615";"205";"Non";"";"";"";"";"";""
"CAMPING SOLEIL D'OC";"4 étoiles";"";"Route de Gruissan, 11100 NARBONNE";"info@soleildoc.fr";"+33(0)468498621";"www.soleildoc.fr";"forte capacité";"";"483";"161";"Non";"";"";"";"";"";""
"CAMPING ARGELÈS VACANCES";"4 étoiles";"";"Chemin de Néguebous, 66700 ARGELÈS-SUR-MER";"contact@camping-argeles-vacances.com";"04 68 95 27 27";"https://www.camping-argeles-vacances.com/";"forte capacité";"";"858";"286";"Non";"";"";"";"";"";""
"CAMPING MUNICIPAL DE LA ROUTE D'OR";"4 étoiles";"";"Allée du Camping, 72200 LA FLÈCHE";"Non trouvé";"+33243945590";"https://www.camping-lafleche.com/";"forte capacité";"";"600";"200";"Non";"";"";"";"";"";""
"CAMPING SEASONOVA ENSOYA";"3 étoiles";"";"54 avenue de Perpignan, 11130 SIGEAN";"contact@vacances-seasonova.com";"+33236810001";"https://vacances-seasonova.com/fr/camping/ensoya/";"forte capacité";"";"6";"232";"Non";"";"";"";"";"";""
"CAMPING SEASONOVA  RIVES D'OLT ET AUBRAC";"4 étoiles";"";"Route de la cascade, 12130 SAINT-GENIEZ-D'OLT";"contact@vacances-seasonova.com";"+33236810001";"https://vacances-seasonova.com/fr/camping/les-rives-dolt-et-daubrac/";"forte capacité";"";"636";"212";"Non";"";"";"";"";"";""
"CAMPING MUNICIPAL DE LA COURT";"4 étoiles";"";"54 rue des Moulins, 85680 LA GUÉRINIÈRE";"Non trouvé";"+33251395138";"https://www.campingdelacourt.fr";"forte capacité";"";"651";"173";"Non";"";"";"";"";"";""
"CAMPING MONCALM";"4 étoiles";"";"21 rue du chemin de fer, 85750 ANGLES";"Non trouvé";"+33251560878";"https://www.camping-apv.com/fr/atlantique/camping-vendee/camping-angles-moncalm/moncalm";"forte capacité";"";"462";"154";"Non";"";"";"";"";"";""
"CAMPING L’ORÉE DE L’OCÉAN";"4 étoiles";"";"rue du capitaine mazenod, 85220 LANDEVIEILLE";"Non trouvé";"0Non trouvé";"http://www.camping-oreedelocean.com";"forte capacité";"";"717";"239";"Non";"";"";"";"";"";""
"CAMPING DE SANTENAY";"3 étoiles";"";"Avenue des Sources, 21590 SANTENAY";"campingdesantenay@onlycamp.fr";"07 81 38 14 61";"https://www.terracamps.com/camping-nature/camping-de-santenay";"forte capacité";"";"952";"158";"Non";"";"";"";"";"";""
"CAMPING SAINT-MAURICE";"3 étoiles";"";"189 avenue Saint Maurice, 34250 PALAVAS-LES-FLOTS";"info@domaine-saint-maurice.com";"04%2067%2068%2099%2061";"http://www.domaine-saint-maurice.com";"forte capacité";"";"450";"150";"Non";"";"";"";"";"";""
"CAMPING LES ÉCUREUILS";"4 étoiles";"";"16 route des Goffineaux, 85520 JARD-SUR-MER";"ecureuils@capfun.com";"02.51.33.42.74";"https://www.capfun.com/camping-france-pays_de_la_loire-ecureuils-FR.html";"forte capacité";"";"1072";"277";"Non";"";"";"";"";"";""
"DOMAINE DES GORGES DU GARDON";"4 étoiles";"";"762 chemin de la Barque Vieille, 30210 VERS-PONT-DU-GARD";"gorges-gardon@clicochic.com";"0Non trouvé";"http://www.camping-gorges-gardon.fr/";"forte capacité";"";"525";"175";"Non";"";"";"";"";"";""
"CAMPING CLUB CAP SOLEIL";"4 étoiles";"";"Chemin de la grande cosse, 34450 VIAS";"Non trouvé";"+33467216477";"https://www.capsoleil.fr/fr/";"forte capacité";"";"864";"288";"Non";"";"";"";"";"";""
"LE CURTY'S CAMPING";"4 étoiles";"";"Rue de la Perpoise, 85520 JARD-SUR-MER";"curtys@capfun.com";"02 51 33 06 55";"https://www.campinglecurtys.com/";"forte capacité";"";"1516";"379";"Non";"";"";"";"";"";""
"CAMPING MUNICIPAL DE BROUILLET";"3 étoiles";"";"brouillet, 48150 LE ROZIER";"Non trouvé";"0Non trouvé";"http://www.camping-lerozier.com/";"forte capacité";"";"465";"155";"Non";"";"";"";"";"";""
"CAMPING CLOS DU THYM";"3 étoiles";"";"Chemin de Negue Bous, 66700 ARGELÈS-SUR-MER";"contact@campingclosduthym.com";"+33468812423";"https://www.campingclosduthym.com/";"forte capacité";"";"528";"176";"Non";"";"";"";"";"";""
"CAMPING CLUB ALOHA";"4 étoiles";"";"La forge de Reynes, 66400 REYNÈS";"Non trouvé";"04 68 39 43 12";"https://www.aloha-camping-amelie.com/";"forte capacité";"";"928";"161";"Non";"";"";"";"";"";""
"CAMPING DES VIGNES";"3 étoiles";"";"1 chemin des Vignes, 34540 BALARUC-LES-BAINS";"camping.lesvignes@free.fr";"33467480493";"https://www.camping-lesvignes.com/";"forte capacité";"";"507";"169";"Non";"";"";"";"";"";""
"CAMPING MONTPELLIER PLAGE";"3 étoiles";"";"95 avenue saint-maurice, 34250 PALAVAS-LES-FLOTS";"camping.montpellier.plage@wanadoo.fr";"04%2067%2068%2000%2091";"http://www.camping-montpellier-plage.com";"forte capacité";"";"1932";"644";"Non";"";"";"";"";"";""
"CAMPING MONPLAISIR";"4 étoiles";"";"chemin des montilles, 34350 VENDRES";"Non trouvé";"04 67 37 35 92";"http://www.camping-monplaisir.com";"forte capacité";"";"711";"237";"Non";"";"";"";"";"";""
"CAMPING CLUB LE LITTORAL";"5 étoiles";"";"Route du Littoral, 66700 ARGELÈS-SUR-MER";"Non trouvé";"0Non trouvé";"https://www.ms-vacances.com/camping-club-ms/camping-club-le-littoral/decouvrir-le-club/";"forte capacité";"";"1300";"321";"Non";"";"";"";"";"";""
"CAMPING MIDI-PYRÉNÉES";"4 étoiles";"";"Chemin de Loubet, 31210 MONTRÉJEAU";"Non trouvé";"//+33652754830";"https://www.camping-midi-pyrenees.eu/fr";"forte capacité";"";"474";"158";"Non";"";"";"";"";"";""
"CAMPING CLUB LE MARISOL";"5 étoiles";"";"Boulevard de la Plage, 66440 TORREILLES";"";"0556079017";"https://siblu.fr/camping/france/mediterranee/occitanie/marisol";"forte capacité";"";"1350";"337";"Non";"";"";"";"";"";""
"CAMPING CLUB LES TAMARIS";"5 étoiles";"";"Route de Saint Laurent, 66420 LE BARCARÈS";"Non trouvé";"0Non trouvé";"https://www.ms-vacances.com/camping-club-ms/camping-club-les-tamaris/decouvrir-le-club/";"forte capacité";"";"1701";"567";"Non";"";"";"";"";"";""
"CAMPING MER ET SOLEIL";"4 étoiles";"";"Chemin de Notre Dame à Saint Martin, 34300 AGDE";"mer-soleil@capfun.com";"04.67.94.21.14";"https://www.capfun.com/camping-france-languedoc_roussillon-mer_et_soleil-FR.html";"forte capacité";"";"1920";"480";"Non";"";"";"";"";"";""
"CAMPING LE RAGIS";"4 étoiles";"";"chemin de la fradinière, 85300 CHALLANS";"info@camping-leragis.com";"0251680849";"http://www.camping-leragis.com";"forte capacité";"";"639";"213";"Non";"";"";"";"";"";""
"CAMPING LE FAYOLAN";"4 étoiles";"";"Chemin du Langard, 39130 CLAIRVAUX-LES-LACS";"Non trouvé";"+33466739739";"https://www.yellohvillage.fr/camping/le_fayolan";"forte capacité";"";"1800";"478";"Non";"";"";"";"";"";""
"CAMPING LES PALUDIERS";"4 étoiles";"";"Rue Nicolas Appert, 44740 BATZ-SUR-MER";"paludiers@flowercampings.com";"02 40 60 17 28";"https://www.camping-paludiers.com/";"forte capacité";"";"846";"284";"Non";"";"";"";"";"";""
"CAMPING LE GRAND LAC";"3 étoiles";"";"Chemin du Langard, 39130 CLAIRVAUX-LES-LACS";"Non trouvé";"03 84 25 26 19";"https://camping-grandlac.fr/fr";"forte capacité";"";"537";"179";"Non";"";"";"";"";"";""
"CAMPING NAI'A VILLAGE";"4 étoiles";"";"Route de Saint Laurent, 66420 LE BARCARÈS";"Non trouvé";"+33%20(0)4 68 86 15 36";"http://www.naia-village.com/";"forte capacité";"";"996";"332";"Non";"";"";"";"";"";""
"CAMPING RCN VAL DE CANTOBRE";"5 étoiles";"";"Domaine de Vellas, 12230 NANT";"contact@rcn.fr";"+31850400700";"https://www.rcn.nl/fr/camping/france/aveyron/rcn-val-de-cantobre";"forte capacité";"";"850";"219";"Non";"";"";"";"";"";""
"CAMPING CHARLEMAGNE LES MÉDITERRANÉES";"5 étoiles";"";"Avenue des campings, 34340 MARSEILLAN";"Non trouvé";"0Non trouvé";"https://www.lesmediterranees.com/bienvenue-au-camping-beach-club-charlemagne";"forte capacité";"";"1395";"465";"Non";"";"";"";"";"";""
"CAMPING CENTRE NATURISTE CHM RENÉ OLTRA";"4 étoiles";"";"1 rue des Néréïdes, 34300 AGDE";"contact@reneoltra.fr";"+33 (0)4 67 01 06 36";"https://www.centrenaturiste-oltra.fr/";"forte capacité";"";"7476";"2492";"Non";"";"";"";"";"";""
"CAMPING BLEU MARINE";"4 étoiles";"";"Allée de la Grand Maïre, 34410 SÉRIGNAN";"Non trouvé";"+33467321964";"https://www.campingbleumarine.fr";"forte capacité";"";"750";"250";"Non";"";"";"";"";"";""
"CAMPING BOIS DE VALMARIE";"5 étoiles";"";"Le Racou, 66700 ARGELÈS-SUR-MER";"contact@camping-lasirene.fr";"33468810461";"https://www.camping-lasirene.fr/camping-le-bois-de-valmarie/";"forte capacité";"";"724";"181";"Non";"";"";"";"";"";""
"CAMPING MUNICIPAL DE LA PLAGE";"4 étoiles";"";"Avenue de las Illas, 66470 SAINTE-MARIE-LA-MER";"Non trouvé";"04 68 80 68 59";"https://www.camping-municipal-de-la-plage.com/";"forte capacité";"";"1800";"364";"Non";"";"";"";"";"";""
"FLOWER CAMPING L'ÎLE D'OFFARD";"4 étoiles";"";"Rue de Verden, 49400 SAUMUR";"iledoffard@flowercampings.com";"02 41 40 30 00";"https://www.saumur-camping.com/";"forte capacité";"";"639";"213";"Non";"";"";"";"";"";""
"CAMPING LES PIERRES COUCHÉES";"4 étoiles";"";"Avenue des Pierres Couchées, 44250 SAINT-BREVIN-LES-PINS";"";"0556079017";"http://www.siblu.fr/lespierrescouchees";"forte capacité";"";"1272";"424";"Non";"";"";"";"";"";""
"CAMPING MUNICIPAL LA PINÈDE";"3 étoiles";"";"Avenue Guy Malé, 66650 BANYULS-SUR-MER";"camp.banyuls@banyuls-sur-mer.com";"+330468883213";"www.campinglapinede-banyuls.com";"forte capacité";"";"522";"174";"Non";"";"";"";"";"";""
"CAMPING PARC SAINTE BRIGITTE";"5 étoiles";"";"Chemin Des Routes, 44420 LA TURBALLE";"Non trouvé";"+33466739739";"https://www.yellohvillage.fr/camping/parc_sainte_brigitte#content";"forte capacité";"";"495";"165";"Non";"";"";"";"";"";""
"CAMPING DE BOYSE";"4 étoiles";"";"20 rue Georges Vallerey, 39300 CHAMPAGNOLE";"Non trouvé";"0Non trouvé";"https://www.camping-boyse.com/";"forte capacité";"";"564";"188";"Non";"";"";"";"";"";""
"CAMPING ÉQUINOXE";"3 étoiles";"";"route du littoral, 66700 ARGELÈS-SUR-MER";"camping-equinoxe@wanadoo.fr";"04 68 81 00 21";"http://www.camping-equinoxe.com/";"forte capacité";"";"603";"201";"Non";"";"";"";"";"";""
"CAMPING DE CHANCIA";"3 étoiles";"";"Chemin de la presqu'île, 1590 CHANCIA";"chancia@clicochic.com";"04.74.75.82.14";"https://www.capfun.com/camping-france-franche_comte-chancia-FR.html";"forte capacité";"";"525";"175";"Non";"";"";"";"";"";""
"CAMPING YELLOH ! VILLAGE SECRETS DE CAMARGUE";"5 étoiles";"";"route de l'espiguette, 30240 LE GRAU-DU-ROI";"info@yellohvillage-petits-camarguais.com";"+33466539898";"https://www.secretsdecamargue.com/fr/";"forte capacité";"";"531";"177";"Non";"";"";"";"";"";""
"CAMPING YELLOH ! VILLAGE PAYRAC LES PINS";"4 étoiles";"";"Lieu dit Les Pins, 46350 PAYRAC";"Non trouvé";"0Non trouvé";"https://www.les-pins-camping.com/fr/";"forte capacité";"";"580";"137";"Non";"";"";"";"";"";""
"CAMPING YELLOH ! VILLAGE LAC DES 3 VALLÉES";"5 étoiles";"";"Lac des 3 Vallées, 32700 LECTOURE";"lacdes3vallees@capfun.com";"05 62 68 82 33";"http://www.lacdes3vallees.fr/";"forte capacité";"";"1569";"523";"Non";"";"";"";"";"";""
"SLOW VILLAGE PORNIC";"4 étoiles";"";"2 route de la Tabardière, 44770 LA PLAINE-SUR-MER";"pornic@slow-village.com";"+33 (0)2 40 21 58 83";"https://www.slow-village.com/destinations/pays-de-la-loire/pornic/";"forte capacité";"";"714";"238";"Non";"";"";"";"";"";""
"ÉCOÉTANG CAMPING DE L'ÉTANG";"4 étoiles";"";"603 impasse du Domaine de l'Étang, Brissac Quincé, 49320 BRISSAC-QUINCÉ";"info@campingetang.com";"0Non trouvé";"https://www.campingetang.com/";"forte capacité";"";"489";"163";"Non";"";"";"";"";"";""
"CALIFORNIA CAMPING OASIS";"4 étoiles";"";"route de saint laurent, 66420 LE BARCARÈS";"info@yellohvillage-loasisetcalifornia.com";"+33468861243";"https://www.camping-oasis.com/";"forte capacité";"";"1335";"445";"Non";"";"";"";"";"";""
"CAMPING PARADIS DOMAINE DE BELLEVUE";"4 étoiles";"";"Bellevue du Ligneron, 85670 SAINT-CHRISTOPHE-DU-LIGNERON";"contact@vendee-camping-bellevue.com";"0251933066";"http://www.vendee-camping-bellevue.com/";"forte capacité";"";"627";"209";"Non";"";"";"";"";"";""
"CAMPING ABRI DE CAMARGUE";"4 étoiles";"";"320 route du Phare de l'Espiguette, 30240 LE GRAU-DU-ROI";"info@abridecamargue.fr";"04 66 51 54 83";"https://www.abridecamargue.fr/";"forte capacité";"";"1662";"277";"Non";"";"";"";"";"";""
"CAMPING CÔTE DU SOLEIL";"4 étoiles";"";"Chemin des Pêcheurs, 34410 SÉRIGNAN";"cotedusoleil@vacances-andretrigano.com";"+33 (0)5 61 69 05 07";"https://vacances-andretrigano.com/camping/herault/cote-du-soleil-serignan";"forte capacité";"";"752";"166";"Non";"";"";"";"";"";""
"CAMPING RIVES DES CORBIÈRES";"3 étoiles";"";"avenue du languedoc, 11370 LEUCATE";"Non trouvé";"04 68 11 43 10";"www.rivesdescorbieres.com";"forte capacité";"";"786";"262";"Non";"";"";"";"";"";""
"CAMPING BELLEVUE EN CAMARGUE";"3 étoiles";"";"Quartier Bellevue, 30470 AIMARGUES";"contact@bellevue-en-camargue.com";"+33 4 66 88 63 75";"http://www.bellevue-en-camargue.com";"forte capacité";"";"540";"180";"Non";"";"";"";"";"";""
"CAMPING MÉDITERRANÉE PLAGE";"4 étoiles";"";"Côte Ouest, 34450 VIAS";"contact@mediterranee-plage.com";"+33467909907";"http://mediterranee-plage.com";"forte capacité";"";"1224";"408";"Non";"";"";"";"";"";""
"CAMPING CHÂTEAU DE BOISSON";"5 étoiles";"";"Hameau de Boisson, 30500 ALLÈGRE-LES-FUMADES";"chateauboisson@clicochic.com";"04 66 24 85 61";"https://www.chateaudeboisson.com/";"forte capacité";"";"1049";"174";"Non";"";"";"";"";"";""
"CAMPING CHÂTEAU DE L'HOM";"4 étoiles";"";"381 Route du Château de l'Hom, 30125 SAUMANE";"reception@campingchateaudelhom.com";"+33466839089";"https://www.maiana-holidays.com/camping/chateau-de-lhom/";"forte capacité";"";"630";"210";"Non";"";"";"";"";"";""
"CAMPING LA GRISIÈRE ET EUROPE VACANCES";"3 étoiles";"";"7 chemin langard, 39130 CLAIRVAUX-LES-LACS";"grisiere@clicochic.com";"03 84 25 80 48";"https://www.la-grisiere.com/";"forte capacité";"";"762";"254";"Non";"";"";"";"";"";""
"CAMPING LES PIRONS";"5 étoiles";"";"27 rue des Marchais, 85180 CHÂTEAU-D'OLONNE";"contact@camping-les-pirons.com";"+33251952675";"https://www.aloa-vacances.com/les-pirons/accueil/";"forte capacité";"";"1468";"451";"Non";"";"";"";"";"";""
"CAMPING LA PERGOLA";"5 étoiles";"";"1 rue des Vernois, 39130 MARIGNY";"pergola@capfun.com";"03.84.25.70.03";"https://www.capfun.com/camping-france-franche_comte-pergola-FR.html";"forte capacité";"";"1400";"353";"Non";"";"";"";"";"";""
"CAMPING MUNICIPAL DE MONTECH";"3 étoiles";"";"Chemin De La Pierre, 82700 MONTECH";"contact@camping-montech.fr";"05 63 31 14 29";"http://www.camping-montech.fr";"forte capacité";"";"462";"154";"Non";"";"";"";"";"";""
"CAMPING LES MILLE PÉPITES";"5 étoiles";"";"Rue de l'Aigoual, 34280 CARNON";"mille-pepites@capfun.com";"04.67.68.23.71";"https://www.capfun.com/camping-france-languedoc_roussillon-mille_pepites-FR.html";"forte capacité";"";"1700";"383";"Non";"";"";"";"";"";""
"CAMPING LE SABLE D'OR";"4 étoiles";"";"rue des marais la terrière, 85360 LA TRANCHE-SUR-MER";"Non trouvé";"0Non trouvé";"http://www.le-sable-dor.fr";"forte capacité";"";"714";"238";"Non";"";"";"";"";"";""
"CAMPING LE TROPICANA";"5 étoiles";"";"CHEMIN DES BOSSES, 85160 SAINT-JEAN-DE-MONTS";"Non trouvé";"02 51 58 62 98";"http://www.le-tropicana.com";"forte capacité";"";"984";"328";"Non";"";"";"";"";"";""
"CAMPING LES CHAMPS BLANCS";"5 étoiles";"";"76 route de Rochelongue, 34300 AGDE";"contact@campingleschampsblancs.com";"04 67 94 23 42";"https://www.campingleschampsblancs.com/fr/";"forte capacité";"";"972";"324";"Non";"";"";"";"";"";""
"CAMPING LES BICHES";"4 étoiles";"";"Chemin de Petite Baisse, 85270 SAINT-HILAIRE-DE-RIEZ";"info@camping-les-biches.com";"+33251543882";"https://www.camping-les-biches.com/";"forte capacité";"";"1302";"434";"Non";"";"";"";"";"";""
"CAMPING MAS DE LA CAM";"4 étoiles";"";"route de saint André, 30270 SAINT-JEAN-DU-GARD";"camping@masdelacam.fr";"+33 (0)4 66 85 12 02";"http://www.camping-cevennes.info";"forte capacité";"";"597";"199";"Non";"";"";"";"";"";""
"CAMPING MAS D'EN MAS";"3 étoiles";"";"Allée du château d'Aubiry, 66400 CÉRET";"Non trouvé";"06 78 19 76 42";"http://www.masdenmas.fr/index.php";"forte capacité";"";"468";"156";"Non";"";"";"";"";"";""
"CAMPING MARMOTEL";"4 étoiles";"";"Zone d'Activité La Salle, 12130 SAINT-GENIEZ-D'OLT";"Non trouvé";"33565704651";"https://www.marmotel.com/";"forte capacité";"";"576";"192";"Non";"";"";"";"";"";""
"CAMPING MARINETTE";"4 étoiles";"";"21 avenue Frédéric Mistral, 66470 SAINTE-MARIE-LA-MER";"marinette@vagues-oceanes.com";"0468730307";"https://www.camping-marinette.com/";"forte capacité";"";"471";"157";"Non";"";"";"";"";"";""
"CAMPING MAR ESTANG";"4 étoiles";"";"Route de Saint-Cyprien, 66140 CANET-EN-ROUSSILLON";"";"0556079017";"https://siblu.fr/camping/france/mediterranee/occitanie/mar-estang";"forte capacité";"";"1800";"600";"Non";"";"";"";"";"";""
"CAMPING MAIANA";"4 étoiles";"";"95 Place Des Tamaris, 34280 LA GRANDE-MOTTE";"Non trouvé";"0Non trouvé";"https://www.camping-maiana.com";"forte capacité";"";"693";"231";"Erreur site";"";"";"";"";"";""
"CAMPING MA PRAIRIE";"4 étoiles";"";"1 Avenue des Côteaux, 66140 CANET-EN-ROUSSILLON";"contact@maprairie.com";"+33 (0)4 68 73 26 17";"http://www.maprairie.com";"forte capacité";"";"747";"249";"Non";"";"";"";"";"";""
"CAMPING LES TERRASSES DU LAC";"3 étoiles";"";"Les Terrasses du Lac, 48300 LANGOGNE";"bonjour@naussac.com";"04 66 69 29 62";"https://naussac.com/";"forte capacité";"";"540";"180";"Non";"";"";"";"";"";""
"CAMPING LES OLLIVAUD";"3 étoiles";"";"1099 route de Saint-André des Eaux, 44500 LA BAULE-ESCOUBLAC";"Non trouvé";"+33251760845";"https://www.lesollivaud.com/";"forte capacité";"";"1233";"411";"Non";"";"";"";"";"";""
"CAMPING LE MOULIN";"4 étoiles";"";"3 chemin du camping, 39130 PATORNAY";"contact@juravacances.com";"+33384483133";"https://www.camping-moulin.com/";"forte capacité";"";"840";"210";"Non";"";"";"";"";"";""
"CAMPING LES TERRASSES DU LAC";"4 étoiles";"";"la souquette, 12290 PONT-DE-SALARS";"Non trouvé";"+33(0)565468818";"http://www.campinglesterrasses.com";"forte capacité";"";"540";"180";"Non";"";"";"";"";"";""
"CAMPING LES MIZOTTES";"4 étoiles";"";"41 rue des Anciens Quais, 85580 SAINT-MICHEL-EN-L'HERM";"accueil@campinglesmizottes.fr";"+33(0)251302363";"https://www.campinglesmizottes.fr/";"forte capacité";"";"459";"153";"Non";"";"";"";"";"";""
"CAMPING LES MARSOUINS";"3 étoiles";"";"20 rue du Prégneau, 85470 BRETIGNOLLES-SUR-MER";"Non trouvé";"02%2051%2090%2014%2057";"https://www.lesmarsouins.com/";"forte capacité";"";"1074";"358";"Non";"";"";"";"";"";""
"CAMPING LE SURCHAUFFANT";"3 étoiles";"";"pont de la pyle, 39270 LA TOUR-DU-MEIX";"info@camping-surchauffant.fr";"+33384254108";"http://www.camping-surchauffant.fr";"forte capacité";"";"564";"188";"Non";"";"";"";"";"";""
"CAMPING LES JONQUILLES";"4 étoiles";"";"Chemin de la Coulée, 85360 LA TRANCHE-SUR-MER";"lesjonquilles@gmail.com";"+33251304737";"https://campinglesjonquilles.com/";"forte capacité";"";"963";"321";"Non";"";"";"";"";"";""
"CAMPING DE L'ARCHE";"5 étoiles";"";"1105 chemin de recoulin, 30140 ANDUZE";"contact@camping-arche.com";"+33466617408";"http://www.camping-arche.fr/";"forte capacité";"";"906";"302";"Non";"";"";"";"";"";""
"CAMPING LES JARDINS DE L'ATLANTIQUE";"4 étoiles";"";"100 route de la Caillauderie, 85160 SAINT-JEAN-DE-MONTS";"info@camping-jardins-atlantique.com";"+33251580574";"https://www.camping-jardins-atlantique.com/";"forte capacité";"";"954";"318";"Non";"";"";"";"";"";""
"CAMPING LES GENÊTS";"5 étoiles";"";"55 avenue des Epines, 85160 SAINT-JEAN-DE-MONTS";"Non trouvé";"+33251589394";"https://www.sunmarina.com/le-camping-les-genets/";"forte capacité";"";"1472";"368";"Non";"";"";"";"";"";""
"CAMPING LOCCITAN";"4 étoiles";"";"Chemin des Blanquettes, 34450 VIAS";"Non trouvé";"0Non trouvé";"https://campinglescigalesvias.fr/";"forte capacité";"";"520";"122";"Non";"";"";"";"";"";""
"CAMPING LES FORGES";"3 étoiles";"";"98 route de la villès blais, 44380 PORNICHET";"camping@campinglesforges.com";"0240611884";"https://www.campinglesforges.com";"forte capacité";"";"450";"150";"Non";"";"";"";"";"";""
"CAMPING  LE TRIANON";"5 étoiles";"";"95 Rue Maréchal Joffre, 85340 OLONNE-SUR-MER";"Non trouvé";"0Non trouvé";"http://www.ms-vacances.com/location-camping-club-vacances/camping-les-sables-d-olonne-le-trianon/";"forte capacité";"";"2500";"516";"Non";"";"";"";"";"";""
"CAMPING LES PRADES";"4 étoiles";"";"Les Prades, 12720 MOSTUÉJOULS";"Non trouvé";"+33565626209";"https://campinglesprades.com/";"forte capacité";"";"552";"184";"Non";"";"";"";"";"";""
"CAMPING LES FLEURS D'AGDE";"4 étoiles";"";"Route de la Tamarissière, 34300 AGDE";"fleurs-agde@capfun.com";"04.67.94.01.01";"https://www.capfun.com/camping-france-languedoc_roussillon-international_herault-FR.html";"forte capacité";"";"1251";"417";"Non";"";"";"";"";"";""
"CAMPING LES FLOTS BLEUS";"4 étoiles";"";"Avenue des Chardons, 85460 LA FAUTE-SUR-MER";"info@camping-lesflotsbleus.com";"+33251271111";"https://www.aloa-vacances.com/les-flots-bleus/accueil/";"forte capacité";"";"610";"102";"Non";"";"";"";"";"";""
"CAMPING DE LA CITÉ";"4 étoiles";"";"Chemin Bernard Délicieux, 11000 CARCASSONNE";"Non trouvé";"0Non trouvé";"https://campingcitecarcassonne.com/";"forte capacité";"";"600";"200";"Non";"";"";"";"";"";""
"CAMPING LES FUVETTES";"4 étoiles";"";"24 chemin de la Plage des Perrières, 25160 MALBUISSON";"fuvettes@capfun.com";"03.81.69.31.50";"https://www.capfun.com/camping-france-franche_comte-fuvettes-FR.html";"forte capacité";"";"900";"278";"Non";"";"";"";"";"";""
"CAMPING LE RANCH";"4 étoiles";"";"Chemin des Hautes Raillères, 44770 LA PLAINE-SUR-MER";"info@yellohvillage-le-ranch.com";"+33240215262";"https://www.camping-le-ranch.com/fr/";"forte capacité";"";"537";"179";"Non";"";"";"";"";"";""
"CAMPING LES SALISSES";"4 étoiles";"";"avenue de la méditerranée, 34450 VIAS";"Non trouvé";"04 67 21 64 07";"http://www.salisses.com/";"forte capacité";"";"1503";"501";"Non";"";"";"";"";"";""
"CAMPING LES SALINS DE LA GARDIOLE";"4 étoiles";"";"31 route de fontignan, 34110 VIC-LA-GARDIOLE";"Non trouvé";"0430633881";"https://www.campinglessalinsdelagardiole.com/";"forte capacité";"";"852";"284";"Non";"";"";"";"";"";""
"CAMPING LES SABLONS";"5 étoiles";"";"avenue des Mûriers, 34420 PORTIRAGNES - PLAGE";"Non trouvé";"+33467909055";"http://les-sablons.com";"forte capacité";"";"2421";"807";"Non";"";"";"";"";"";""
"CAMPING LES DUNES";"5 étoiles";"";"50 avenue des Dunes, 85470 BRETIGNOLLES-SUR-MER";"infos@campinglesdunes.fr";"+33 2 51 90 55 32";"https://www.campinglesdunes.fr/";"forte capacité";"";"2031";"677";"Non";"";"";"";"";"";""
"CAMPING LES SABLETTES";"4 étoiles";"";"55 Chemin De Baluffe, 34300 AGDE";"info@campinglessablettes.com";"+33467943665";"http://www.campinglessablettes.com/";"forte capacité";"";"552";"184";"Non";"";"";"";"";"";""
"CAMPING LES SABLES DU MIDI";"4 étoiles";"";"Chemin des Rompudes, 34410 SÉRIGNAN";"";"0556079017";"https://siblu.fr/camping/france/mediterranee/occitanie/les-sables-du-midi";"forte capacité";"";"2100";"699";"Non";"";"";"";"";"";""
"CAMPING LES SABLES D'OR";"4 étoiles";"";"21 chemin des Dunes, 34300 AGDE";"info@cap-pirate.com";"+33467942534";"https://www.camping-sablesdor.com/";"forte capacité";"";"1794";"598";"Non";"";"";"";"";"";""
"CAMPING LES ROQUILLES";"4 étoiles";"";"267 bis avenue saint maurice, 34250 PALAVAS-LES-FLOTS";"roquilles@wanadoo.fr";"+33 (0)4 67 68 03 47";"http://www.camping-les-roquilles.fr";"forte capacité";"";"2250";"750";"Non";"";"";"";"";"";""
"CAMPING LES DEMOISELLES";"3 étoiles";"";"100 avenue des becs, 85270 SAINT-HILAIRE-DE-RIEZ";"Non trouvé";"0484474922";"https://www.odalys-vacances.com/location-mer/pays-de-la-loire/saint-hilaire-de-riez/les-demoiselles.html";"forte capacité";"";"1528";"254";"Non";"";"";"";"";"";""
"CAMPING LES CYPRÈS";"4 étoiles";"";"41 rue du Pont du Jaunay, 85800 SAINT-GILLES-CROIX-DE-VIE";"contact@camping-lescypres85.com";"0251553898";"https://www.camping-lescypres85.com/";"forte capacité";"";"849";"283";"Non";"";"";"";"";"";""
"CAMPING LES CHÊNES VERTS";"4 étoiles";"";"Route de Pornic, 44580 BOURGNEUF-EN-RETZ";"campingleschenesverts@wanadoo.fr";"0240214816";"https://www.leschenesverts.info/";"forte capacité";"";"600";"149";"Non";"";"";"";"";"";""
"CAMPING ARMOR HÉOL";"5 étoiles";"";"Le Polohan, 44420 PIRIAC-SUR-MER";"armorheol@capfun.com";"02.40.23.57.80";"https://www.capfun.com/camping-france-pays_de_la_loire-armor_heol-FR.html";"forte capacité";"";"1100";"275";"Non";"";"";"";"";"";""
"CAMPING LES CHOUANS";"5 étoiles";"";"108 avenue de la Faye, 85270 SAINT-HILAIRE-DE-RIEZ";"chouans@clicochic.com";"02 51 54 34 90";"https://www.clicochic.com/camping-loire-atlantique/chouans";"forte capacité";"";"720";"240";"Non";"";"";"";"";"";""
"CAMPING ACAPULCO";"5 étoiles";"";"avenue des épines, 85160 SAINT-JEAN-DE-MONTS";"Non trouvé";"02 51 59 20 64";"https://www.camping-acapulco.net/";"forte capacité";"";"1476";"487";"Non";"";"";"";"";"";""
"CAMPING LES BRILLAS";"3 étoiles";"";"Le bois des Tréans, 44760 LES MOUTIERS-EN-RETZ";"Non trouvé";"0240827978";"https://www.campinglesbrillas.com/accueil.html";"forte capacité";"";"555";"185";"Non";"";"";"";"";"";""
"CAMPING LES BLANCS CHÊNES";"4 étoiles";"";"Route de la Roche sur Yon, 85360 LA TRANCHE-SUR-MER";"lesblancschenes@vagues-oceanes.com";"0251282830";"https://www.camping-lesblancschenes.com/";"forte capacité";"";"1038";"346";"Non";"";"";"";"";"";""
"CAMPING DE L'OR";"4 étoiles";"";"Allée des pins, 34280 LA GRANDE-MOTTE";"or@capfun.com";"04.67.56.50.85";"https://www.capfun.com/camping-france-languedoc_roussillon-or-FR.html";"forte capacité";"";"1000";"157";"Non";"";"";"";"";"";""
"CAMPING LES TROPIQUES";"4 étoiles";"";"Boulevard de la Plage, 66440 TORREILLES";"Non trouvé";"0Non trouvé";"https://www.campinglestropiques.com/fr/";"forte capacité";"";"1350";"450";"Non";"";"";"";"";"";""
"CAMPING LES TROIS VALLÉES";"5 étoiles";"";"Avenue des Pyrénées, 65400 ARGELÈS-GAZOST";"Non trouvé";"+33562903547";"http://www.camping3vallees.com";"forte capacité";"";"1344";"448";"Non";"";"";"";"";"";""
"CAMPING LES FOSSES ROUGES";"4 étoiles";"";"8 rue des Fosses Rouges, 85180 LES SABLES-D'OLONNE";"Non trouvé";"0Non trouvé";"https://www.campingfossesrougessablesdolonnevendee.com/";"forte capacité";"";"714";"238";"Non";"";"";"";"";"";""
"CAMPING LES FLOTS BLEUS";"4 étoiles";"";"Côte Ouest, 34450 VIAS";"flots-bleus@capfun.com";"04.67.21.64.80";"https://www.capfun.com/camping-france-languedoc_roussillon-flots_bleus-FR.html";"forte capacité";"";"1668";"480";"Non";"";"";"";"";"";""
"CAMPING DOMAINE DES TOURS";"4 étoiles";"";"Les Tours, 12460 SAINT-AMANS-DES-COTS";"Non trouvé";"04 84 39 08 60";"https://www.homair.com/camping/domaine-des-tours";"forte capacité";"";"852";"284";"Non";"";"";"";"";"";""
"CAMPING DOMAINE DE FÉERIX";"5 étoiles";"";"325 avenue de Sète, 34340 MARSEILLAN";"feerix@capfun.com";"04.67.21.90.58";"https://www.capfun.com/camping-france-languedoc_roussillon-feerix-FR.html";"forte capacité";"";"1200";"240";"Non";"";"";"";"";"";""
"CAMPING MUNICIPAL LES CENT VIGNES";"4 étoiles";"";"10 rue Auguste du Bois, 21200 BEAUNE";"%20campinglescentvignes@mairie-beaune.fr";"+33380220391";"https://www.campinglescentvignes.fr/";"forte capacité";"";"500";"116";"Non";"";"";"";"";"";""
"CAMPING LES DOLMENS";"4 étoiles";"";"Route d'Uzès, 30430 MEJANNES-LE-CLAP";"contact@camping-lesdolmens.com";"+33 6 43 43 68 44";"https://www.camping-lesdolmens.fr/";"forte capacité";"";"650";"112";"Non";"";"";"";"";"";""
"CAMPING DE PEYRELADE";"4 étoiles";"";"Route des Gorges du Tarn, 12640 RIVIÈRE-SUR-TARN";"Non trouvé";"+33565626254";"https://www.campingpeyrelade.com/fr-fr";"forte capacité";"";"570";"190";"Non";"";"";"";"";"";""
"CAMPING LES PINGOUINS";"3 étoiles";"";"chemin de la salanque, 66700 ARGELÈS-SUR-MER";"contact@camping-lespingouins.fr";"33468818545";"www.camping-lespingouins.fr";"forte capacité";"";"750";"250";"Non";"";"";"";"";"";""
"CAMPING DE PUJOL";"3 étoiles";"";"Avenue de la RETIRADA, 66700 ARGELÈS-SUR-MER";"Non trouvé";"04 68 81 00 25";"www.campingdepujol.com";"forte capacité";"";"822";"274";"Non";"";"";"";"";"";""
"CAMPING LES CIGALES";"4 étoiles";"";"Allée des pins, 34280 LA GRANDE-MOTTE";"or@capfun.com";"04.67.56.50.85";"https://www.capfun.com/camping-france-languedoc_roussillon-or-FR.html";"forte capacité";"";"1000";"160";"Non";"";"";"";"";"";""
"CAMPING LES CIGALES";"4 étoiles";"";"lieu-dit L'Hospitalet, 46500 ROCAMADOUR";"lescigales@cielavillage.com";"+33(0)466600700";"www.camping-les-cigales.com";"forte capacité";"";"471";"157";"Non";"";"";"";"";"";""
"CAMPING DOMAINE LE BOUCANET";"4 étoiles";"";"Route de Carnon, 30240 LE GRAU-DU-ROI";"boucanet@capfun.com";"04.66.51.41.48";"https://www.capfun.com/camping-france-languedoc_roussillon-boucanet-FR.html?referer=23235";"forte capacité";"";"2025";"442";"Non";"";"";"";"";"";""
"CAMPING LES CRIQUES DE PORTEILS";"5 étoiles";"";"Corniche de Collioure, 66700 ARGELÈS-SUR-MER";"contactcdp@lescriques.com";"+33468811273";"https://www.lescriques.fr/";"forte capacité";"";"968";"242";"Non";"";"";"";"";"";""
"CAMPING LES PETITS CAMARGUAIS";"5 étoiles";"";"2495 route de l'Espiguette, 30240 LE GRAU-DU-ROI";"info@les-petits-camarguais.fr";"+33466539898";"http://www.yellohvillage-petits-camarguais.com";"forte capacité";"";"657";"219";"Non";"";"";"";"";"";""
"CAMPING DEL MAR";"4 étoiles";"";"route du littoral, 66700 ARGELÈS-SUR-MER";"Non trouvé";"04 68 81 10 38";"https://www.camping-del-mar.com/camping-languedoc-roussillon-del-mar/";"forte capacité";"";"819";"273";"Non";"";"";"";"";"";""
"CAMPING LES ONCHÈRES";"3 étoiles";"";"Chemin de la Martinière, 85630 BARBÂTRE";"camping@les-oncheres.com";"0251398131";"http://www.les-oncheres.com/";"forte capacité";"";"1344";"448";"Non";"";"";"";"";"";""
"CAMPING LES ONDINES";"4 étoiles";"";"Rue des Ondines, 46200 SOUILLAC";"camping.les.ondines@flowercampings.com";"05 65 37 86 44";"http://www.camping-lesondines.com";"forte capacité";"";"651";"217";"Non";"";"";"";"";"";""
"CAMPING LES ONDINES";"4 étoiles";"";"1770 chemin du tricot et des tôts, 34450 VIAS";"ondines@capfun.com";"06 11 55 09 29";"http://www.camping-les-ondines.com/";"forte capacité";"";"906";"302";"Non";"";"";"";"";"";""
"CAMPING LES AJONCS D'OR";"4 étoiles";"";"Chemin du Rocher, 44500 LA BAULE-ESCOUBLAC";"contact@lesajoncs-dor.com";"+33240603329";"https://www.lesajoncs-dor.com/";"forte capacité";"";"660";"220";"Non";"";"";"";"";"";""
"CAMPING LE VILLAGE DE LA MER";"4 étoiles";"";"18 rue de Prigny, 44760 LES MOUTIERS-EN-RETZ";"infos@village-mer.fr";"02 40 64 65 90";"https://www.village-mer.fr/";"forte capacité";"";"684";"228";"Non";"";"";"";"";"";""
"CAMPING DES GROTTES";"4 étoiles";"";"Domaine de la Hille, 9400 ALLIAT";"info@campingdesgrottes.com";"+33561058821";"https://www.campingdesgrottes.com/";"forte capacité";"";"594";"198";"Non";"";"";"";"";"";""
"CAMPING MUNICIPAL DE MÂCON";"4 étoiles";"";"1 rue des Grandes Varennes, 71000 SANCÉ";"Non trouvé";"0Non trouvé";"https://www.campingmacon.com/";"forte capacité";"";"750";"250";"Non";"";"";"";"";"";""
"CAMPING LES FONTAINES";"3 étoiles";"";"23 Avenue de Saint Nazaire, 66140 CANET-EN-ROUSSILLON";"Non trouvé";"0468802257";"http://www.campinglesfontaines.fr";"forte capacité";"";"480";"160";"Non";"";"";"";"";"";""
"CAMPING LES MIMOSAS";"5 étoiles";"";"Port Cassafière, 34420 PORTIRAGNES";"Non trouvé";"+04 67 90 92 92";"https://www.mimosas.com/fr/";"forte capacité";"";"1200";"400";"Non";"";"";"";"";"";""
"CAMPING TRELACHAUME";"3 étoiles";"";"50 Route du Mont du Cerf, 39260 MAISOD";"trelachaume@clicochic.com";"03 84 42 03 26";"https://www.camping-trelachaume.com/";"forte capacité";"";"540";"180";"Non";"";"";"";"";"";""
"CAMPING DOMAINE DE TÉORIX";"5 étoiles";"";"2 chemin du Gourg de Maffre, 34340 MARSEILLAN";"teorix@capfun.com";"04.67.37.83.31";"https://www.capfun.com/camping-france-languedoc_roussillon-teorix-FR.html";"forte capacité";"";"990";"198";"Non";"";"";"";"";"";""
"CAMPING LOU VILLAGE";"4 étoiles";"";"Chemin des Montilles, 34350 VENDRES";"lou-village@capfun.com";"04.67.37.33.79";"https://www.capfun.com/camping-france-languedoc_roussillon-lou_village-FR.html";"forte capacité";"";"2400";"470";"Non";"";"";"";"";"";""
"CAMPING LES AVENTURIERS DE LA CALYPSO";"4 étoiles";"";"Route Notre Dame de Monts, 85160 SAINT-JEAN-DE-MONTS";"Non trouvé";"+33251560878";"https://www.camping-apv.com/atlantique/camping-vendee/camping-saint-jean-de-monts/les-aventuriers-de-la-calypso";"forte capacité";"";"843";"281";"Non";"";"";"";"";"";""
"CAMPING LES PLANS";"4 étoiles";"";"Route Départemental  50, 30140 MIALET";"info@camping-les-plans.fr";"04 66 85 02 46";"https://www.camping-les-plans.fr/";"forte capacité";"";"1200";"333";"Non";"";"";"";"";"";""
"CAMPING  LA RIVIERA";"4 étoiles";"";"3 rue des Gatineaux, 44730 SAINT-MICHEL-CHEF-CHEF";"info.riviera@aloa-vacances.com";"+33240398812";"https://www.aloa-vacances.com/la-riviera/accueil/";"forte capacité";"";"717";"239";"Non";"";"";"";"";"";""
"CAMPING LES JARDINS DE TIVOLI";"4 étoiles";"";"470 route de l'Espiguette, 30240 LE GRAU-DU-ROI";"Non trouvé";"+33466539700";"https://www.lesjardinsdetivoli.com/";"forte capacité";"";"993";"331";"Non";"";"";"";"";"";""
"CAMPING DOMAINE DE GAUJAC";"4 étoiles";"";"2406 Chemin de la Madeleine, 30140 BOISSET-ET-GAUJAC";"campingdomainedegaujac@gmail.com";"+33466616757";"http://www.domaine-de-gaujac.com";"forte capacité";"";"822";"274";"Non";"";"";"";"";"";""
"CAMPING DOMAINE DARNAUTEILLE";"5 étoiles";"";"Domaine d'Arnauteille, 11250 MONTCLAR";"info@yellohvillage-domaine-arnauteille.com";"+33468268453";"http://www.camping-arnauteille.com";"forte capacité";"";"654";"218";"Non";"";"";"";"";"";""
"CAMPING LES JARDINS CATALANS";"4 étoiles";"";"Route de Taxo à la Mer, 66700 ARGELÈS-SUR-MER";"camping.les.jardins.catalans@chadotel.com";"0251330505";"https://www.chadotel.com/camping-les-jardins-catalans-argeles-sur-mer/";"forte capacité";"";"650";"169";"Non";"";"";"";"";"";""
"CAMPING MUNICIPAL SAINT VITAL DE CLUNY";"3 étoiles";"";"Rue des Griottons, 71250 CLUNY";"camping@cluny.fr";"03 85 59 08 34";"https://www.campingsaintvital.fr/";"forte capacité";"";"489";"163";"Non";"";"";"";"";"";""
"CAMPING YELLOH ! VILLAGE LE DOMAINE DE LOUVAREL";"4 étoiles";"";"Champ Benigue, 71480 CHAMPAGNAT";"domainedelouvarel@gmail.com";"+33385766271";"https://www.louvarel.com/fr/";"forte capacité";"";"500";"150";"Non";"";"";"";"";"";""
"SLOW VILLAGE ANDUZE";"3 étoiles";"";"Mas-du-pont, 30140 THOIRAS";"anduze@slow-village.com";"(+33) 4 66 61 73 10";"https://www.slow-village.com/destinations/occitanie/anduze/";"forte capacité";"";"750";"242";"Non";"";"";"";"";"";""
"CAMPING LES GRANGES";"3 étoiles";"";"lieu-dit les granges, 46110 VAYRAC";"info@les-granges.com";"+33565324658";"http://www.les-granges.com";"forte capacité";"";"450";"150";"Non";"";"";"";"";"";""
"CAMPING VESOUL";"3 étoiles";"";"Avenue Des Rives Du Lac, 70000 VAIVRE-ET-MONTOILLE";"contact@vacances-seasonova.com";"+33236810001";"https://vacances-seasonova.com/fr/camping/vesoul/";"forte capacité";"";"537";"179";"Non";"";"";"";"";"";""
"CAMPING DOMAINE DE LA SABLIÈRE";"4 étoiles";"";"Saint Privat de Champclos, 30430 SAINT-PRIVAT-DE-CHAMPCLOS";"sabliere@libranoo.com";"0466245116";"https://www.villagesabliere.com/";"forte capacité";"";"1646";"504";"Non";"";"";"";"";"";""
"CAMPING DOMAINE DE GAJAN";"4 étoiles";"";"651 rue du Pie Bouquet, 34160 BOISSERON";"info@campingdomainedegajan.com";"+33466809430";"https://www.campingdomainedegajan.com/";"forte capacité";"";"640";"115";"Non";"";"";"";"";"";""
"CAMPING DOMAINE DURAVEL";"4 étoiles";"";"Port de Vire, 46700 DURAVEL";"duravel@capfun.com";"05.65.24.65.06";"https://www.capfun.com/camping-france-midi_pyrenees-duravel-FR.html";"forte capacité";"";"1276";"319";"Non";"";"";"";"";"";""
"CAMPING VAGUES OCÉANES LAC DE PANTHIER";"4 étoiles";"";"Route départementale 977 B, 21320 VANDENESSE-EN-AUXOIS";"lacdepanthier@vagues-oceanes.com";"0380492194";"https://www.lac-de-panthier.com/";"forte capacité";"";"840";"200";"Non";"";"";"";"";"";""
"CAMPING DOMAINE DE LA SOUBEYRANNE";"5 étoiles";"";"1110 route de Beaucaire, 30210 SERNHAC";"soubeyranne@capfun.com";"04 66 37 03 21";"https://www.soubeyranne.com/";"forte capacité";"";"1200";"262";"Non";"";"";"";"";"";""
"CAMPING BON PORT";"4 étoiles";"";"383 Chemin du mas de Saint-Ange, 34400 LUNEL";"contact@campingbonport.com";"+33467711565";"http://www.campingbonport.com";"forte capacité";"";"879";"293";"Non";"";"";"";"";"";""
"CAMPING LES GENÊTS";"5 étoiles";"";"Lac de Pareloup, 12410 SALLES-CURAN";"Non trouvé";"05 65 46 35 34";"https://www.camping-les-genets.fr/fr/";"forte capacité";"";"489";"163";"Non";"";"";"";"";"";""
"CAMPING LES GALETS";"4 étoiles";"";"Route de Taxo à la Mer, 66700 ARGELÈS-SUR-MER";"Non trouvé";"+330468810812";"https://www.campinglesgalets.fr/";"forte capacité";"";"700";"233";"Non";"";"";"";"";"";""
"CAMPING DOMAINE DES FUMADES";"4 étoiles";"";"Domaine des Fumades, 30500 ALLÈGRE-LES-FUMADES";"fumades@capfun.com";"04.66.24.80.78";"https://www.capfun.com/camping-france-languedoc_roussillon-fumades-FR.html";"forte capacité";"";"1255";"251";"Non";"";"";"";"";"";""
"CAMPING LES ROUILLÈRES";"4 étoiles";"";"138 boulevard de Lattre de Tassigny, 85360 LA TRANCHE-SUR-MER";"Non trouvé";"+33251303178";"http://www.camping-les-rouilleres.com";"forte capacité";"";"858";"286";"Non";"";"";"";"";"";""
"CAMPING DU BOIS DE REVEUGE";"4 étoiles";"";"Route de Rougemont, 25680 HUANNE-MONTMARTIN";"Non trouvé";"0Non trouvé";"http://campingduboisdereveuge.com";"forte capacité";"";"945";"315";"Non";"";"";"";"";"";""
"CAMPING LES RIVES DE GRAND LIEU";"3 étoiles";"";"1 avenue de Nantes, 44310 SAINT-PHILBERT-DE-GRAND-LIEU";"accueil@lesrivesdegrandlieu.com";"+33240788879";"https://www.camping-lesrivesdegrandlieu.com/";"forte capacité";"";"540";"180";"Non";"";"";"";"";"";""
"CAMPING LE MOULIN DE LA SALLE";"4 étoiles";"";"Rue du moulin de la salle, 85340 OLONNE-SUR-MER";"contact@moulindelasalle.com";"0251959910";"https://www.moulindelasalle.com/";"forte capacité";"";"651";"217";"Non";"";"";"";"";"";""
"CAMPING LE ROUSSILLONNAIS";"3 étoiles";"";"boulevard de la mer, 66700 ARGELÈS-SUR-MER";"Non trouvé";"+33468811042";"https://www.leroussillonnais.com/";"forte capacité";"";"1854";"618";"Non";"";"";"";"";"";""
"CAMPING LE ROUSSILLON";"4 étoiles";"";"Cami de la Mar, 66750 SAINT-CYPRIEN";"camping.roussillon@chadotel.com";"0251330505";"https://www.chadotel.com/camping-le-roussillon-saint-cyprien/";"forte capacité";"";"476";"150";"Non";"";"";"";"";"";""
"CAMPING DU SALAGOU";"4 étoiles";"";"Lac du Salagou, 34800 CLERMONT-L'HÉRAULT";"Non trouvé";"+33467961313";"http://www.campinglacdusalagou.fr";"forte capacité";"";"999";"333";"Non";"";"";"";"";"";""
"CAMPING LE PETIT ROCHER";"4 étoiles";"";"1250 avenue du docteur Mathevet, 85560 LONGEVILLE-SUR-MER";"Non trouvé";"0Non trouvé";"https://www.olela.fr/campings/camping-petit-rocher";"forte capacité";"";"657";"219";"Non";"";"";"";"";"";""
"CAMPING LE PIN PARASOL";"5 étoiles";"";"CHÂTEAULONG, 85220 LA CHAPELLE-HERMIER";"contact@campingpinparasol.fr";"+33251346472";"http://www.campingpinparasol.fr";"forte capacité";"";"1596";"512";"Non";"";"";"";"";"";""
"CAMPING LE VALLESPIR";"3 étoiles";"";"avenue Alzine Rodone, 66150 ARLES-SUR-TECH";"info@campingvallespir.com";"+33 4 68 39 90 00";"http://www.campingvallespir.com/";"forte capacité";"";"468";"156";"Non";"";"";"";"";"";""
"CAMPING D'ANGERS - LAC DE MAINE";"4 étoiles";"";"Avenue du Lac de Maine, 49080 BOUCHEMAINE";"Non trouvé";"02 41 81 97 37";"https://www.campingangers.com/";"forte capacité";"";"550";"158";"Non";"";"";"";"";"";""
"CAMPING AUNIS CLUB VENDÉE";"4 étoiles";"";"La charrière des bandes, 85360 LA TRANCHE-SUR-MER";"Non trouvé";"04 84 39 08 60";"https://www.homair.com/camping/aunis-club-vendee";"forte capacité";"";"1497";"499";"Non";"";"";"";"";"";""
"CAMPING LES CASTEILLETS";"3 étoiles";"";"Les Casteillets, 66490 SAINT-JEAN-PLA-DE-CORTS";"jc@campinglescasteillets.com";"33468832683";"https://www.campinglescasteillets.com/";"forte capacité";"";"670";"134";"Non";"";"";"";"";"";""
"CAMPING DOMAINE LES MÛRIERS";"4 étoiles";"";"Route Départementale 37, 34350 VENDRES";"Non trouvé";"0Non trouvé";"http://www.lamisoleil.com/fr/nos-domaines-de-vacances-france-belgique/domaine-de-vendres-france";"forte capacité";"";"765";"255";"Non";"";"";"";"";"";""
"CAMPING BAIE D'AUNIS";"4 étoiles";"";"10 rue du Pertuis Breton, 85360 LA TRANCHE-SUR-MER";"info@camping-baiedaunis.com";"0Non trouvé";"https://www.camping-baiedaunis.com/";"forte capacité";"";"600";"149";"Non";"";"";"";"";"";""
"CAMPING LA VIE";"3 étoiles";"";"Lieu-Dit le Motteau, 85220 COMMEQUIERS";"contact@campinglavie.com";"33251549004";"https://www.campinglavie.com/";"forte capacité";"";"780";"130";"Non";"";"";"";"";"";""
"CAMPING LE RUPÉ";"3 étoiles";"";"21 chemin du Pont de Rupé, 31300 TOULOUSE";"mail@mail.com";"0561700735";"https://www.vap-camping.fr/camping-de-toulouse";"forte capacité";"";"561";"187";"Non";"";"";"";"";"";""
"CAMPING BEL AIR";"4 étoiles";"";"2 route de Bel Air, 85580 GRUES";"bel-air@capfun.com";"02.51.56.44.05";"https://www.capfun.com/camping-france-pays_de_la_loire-bel_air-FR.html";"forte capacité";"";"1300";"357";"Non";"";"";"";"";"";""
"CAMPING BOIS SOLEIL";"4 étoiles";"";"94 chemin des Barres, 85340 OLONNE-SUR-MER";"info@camping-bois-soleil.fr";"+33251331197";"https://camping-bois-soleil.fr/";"forte capacité";"";"900";"218";"Non";"";"";"";"";"";""
"CAMPING BONTEMPO VILLAGE BRETAGNE";"4 étoiles";"";"247 route de Mesquer, 44420 PIRIAC-SUR-MER";"Non trouvé";"02 40 23 50 91";"https://bretagne.bontempo.fr/";"forte capacité";"";"807";"269";"Non";"";"";"";"";"";""
"CAMPING CABESTAN";"4 étoiles";"";"24 route de Saint-Gilles, 85470 BRETIGNOLLES-SUR-MER";"info@campingcabestan.com";"330251901592";"https://www.campingcabestan.com/";"forte capacité";"";"600";"200";"Non";"";"";"";"";"";""
"CAMPING CAMPILÔ";"4 étoiles";"";"L'Auroire, 85430 AUBIGNY";"contact@campilo.com";"0251316845";"https://www.campilo.com";"forte capacité";"";"507";"169";"Non";"";"";"";"";"";""
"CAMPING CAPFUN LA LOUBINE";"5 étoiles";"";"1 route de la Mer, 85340 OLONNE-SUR-MER";"loubine@capfun.com";"02.51.33.12.92";"https://www.capfun.com/camping-france-pays_de_la_loire-loubine-FR.html";"forte capacité";"";"2500";"563";"Non";"";"";"";"";"";""
"CAMPING DU VIADUC";"4 étoiles";"";"121 avenue de Millau Plage, 12100 MILLAU";"viaducreception@gmail.com";"+335.65.60.15.75";"https://www.camping-du-viaduc.com/fr/";"forte capacité";"";"687";"229";"Non";"";"";"";"";"";""
"CAMPING LES AYGUADES";"4 étoiles";"";"avenue de la Jonque, 11430 GRUISSAN";"infos@campinglvl.com";"04 68 49 81 59";"https://www.campinglvl.com";"forte capacité";"";"804";"268";"Non";"";"";"";"";"";""
"CAMPING LES AMANDIERS";"3 étoiles";"";"6 rue éole, 34120 CASTELNAU-DE-GUERS";"Non trouvé";"04 67 98 92 51";"http://www.camping-les-amandiers.fr/";"bien noté";"";"189";"63";"Non";"";"";"";"";"";""
"CAMPING DOMAINE SAINTE CÉCILE";"4 étoiles";"";"avenue des Pêcheurs, 34450 VIAS";"info@domainesaintececile.fr";"+33467216370";"https://www.camping-sainte-cecile.com/fr/";"forte capacité";"";"576";"192";"Non";"";"";"";"";"";""
"CAMPING LES AMANDIERS";"4 étoiles";"";"20 rue des Stades Clos de Manset, 30660 GALLARGUES-LE-MONTUEUX";"Non trouvé";"+33623707659";"https://www.camping-lesamandiers.fr/";"forte capacité";"";"400";"165";"Non";"";"";"";"";"";""
"CAMPING LES AMANDIERS";"4 étoiles";"";"Route de Béziers, 34450 VIAS";"contact@campinglesamandiers.com";"33467216747";"http://www.camping-vias.com";"forte capacité";"";"462";"154";"Non";"";"";"";"";"";""
"CAMPING CASTEL LA GARANGEOIRE";"5 étoiles";"";"La Garangeoire, 85150 SAINT-JULIEN-DES-LANDES";"info@garangeoire.com";"+33251466539";"https://www.camping-la-garangeoire.com/";"forte capacité";"";"1246";"356";"Non";"";"";"";"";"";""
"CAMPING LES ALBÈRES";"4 étoiles";"";"Route Moulin de Cassagnes, 66740 LAROQUE-DES-ALBÈRES";"Non trouvé";"0468892364";"https://www.camping-des-alberes.com/";"forte capacité";"";"1173";"294";"Non";"";"";"";"";"";""
"CAMPING CHÂTEAU LA FORÊT";"4 étoiles";"";"3 rue de la Forêt, 85150 SAINT-JULIEN-DES-LANDES";"Non trouvé";"+33251466211";"https://www.chateaulaforet.com/";"forte capacité";"";"1200";"289";"Non";"";"";"";"";"";""
"CAMPING DOMAINE LES VIGNES D'OR";"4 étoiles";"";"Chemin des Mouysses, 34410 SÉRIGNAN";"vignesdor@capfun.com";"04.67.32.37.18";"https://www.capfun.com/camping-france-languedoc_roussillon-vignes_d_or-FR.html";"forte capacité";"";"714";"238";"Non";"";"";"";"";"";""
"CAMPING CLICOCHIC LES TONNELLES";"4 étoiles";"";"18 Route de la Tonnelle, 85160 SAINT-JEAN-DE-MONTS";"tonnelles@clicochic.com";"02 51 59 47 47";"https://www.clicochic.com/camping-loire-atlantique/plage-des-tonnelles";"forte capacité";"";"1485";"495";"Non";"";"";"";"";"";""
"CAMPING LE NID D’ÉTÉ";"4 étoiles";"";"2 rue de la Vigne Verte, 85340 OLONNE-SUR-MER";"contact@leniddete.com";"+33251953438";"https://www.leniddete.com/";"forte capacité";"";"1062";"354";"Non";"";"";"";"";"";""
"CAMPING LE SAINT MICHELET";"4 étoiles";"";"Route de Frigoulet, 30630 GOUDARGUES";"contact@lesaintmichelet.com";"+33466822499";"http://www.lesaintmichelet.com";"forte capacité";"";"486";"162";"Non";"";"";"";"";"";""
"CAMPING LE BOIS JOLY";"4 étoiles";"";"46 route de Notre Dame de Monts, 85160 SAINT-JEAN-DE-MONTS";"bois-joly@vagues-oceanes.com";"0251591163";"https://www.camping-leboisjoly.com/";"forte capacité";"";"945";"315";"Non";"";"";"";"";"";""
"CAMPING LAS BOUSIGUES";"4 étoiles";"";"avenue des corbières, 66420 LE BARCARES";"lasbousigues@capfun.com";"04.68.86.16.19";"https://www.capfun.com/camping-france-languedoc_roussillon-las_bousigues-FR.html";"forte capacité";"";"1548";"516";"Non";"";"";"";"";"";""
"CAMPING LA PARÉE DU JONC";"3 étoiles";"";"Chemin de la parée du jonc, 85160 SAINT-JEAN-DE-MONTS";"Non trouvé";"+33251560878";"https://www.camping-apv.com/";"forte capacité";"";"534";"178";"Non";"";"";"";"";"";""
"CAMPING LE BOIS JOLI";"4 étoiles";"";"2 rue de Châteauneuf, 85710 BOIS-DE-CÉNÉ";"contact@campingleboisjoli.fr";"0251682005";"https://www.camping-leboisjoli.com/";"forte capacité";"";"603";"201";"Non";"";"";"";"";"";""
"CAMPING LAC AUX OISEAUX";"4 étoiles";"";"Moulin de Bannac, 12200 MARTIEL";"info@campinglacauxoiseaux.fr";"+33 6 11 90 97 81";"http://www.campinglacauxoiseaux.fr";"forte capacité";"";"450";"150";"Non";"";"";"";"";"";""
"CAMPING LABEILLER";"4 étoiles";"";"1701 Route de Barjac, 30500 SAINT-VICTOR-DE-MALCAP";"Non trouvé";"02 51 28 10 20";"https://www.capfun.com/camping-france-languedoc_roussillon-labeiller-FR.html";"forte capacité";"";"522";"194";"Non";"";"";"";"";"";""
"CAMPING LA PIERRE LONGUE";"4 étoiles";"";"RUE HENRI DUNANT, 44490 LE CROISIC";"lapierrelongue@orange.fr";"02 40 23 13 44";"http://www.campinglapierrelongue.com";"forte capacité";"";"474";"158";"Non";"";"";"";"";"";""
"CAMPING LE BOSC D'EN ROUG";"4 étoiles";"";"Route Départementale 40, 66750 SAINT-CYPRIEN";"Non trouvé";"+330468210795";"http://www.camping-saint-cyprien.com";"forte capacité";"";"2200";"610";"Non";"";"";"";"";"";""
"CAMPING LE DOMAINE DES FORGES";"5 étoiles";"";"Rue des Forges, 85440 AVRILLÉ";"forges@capfun.com";"02.51.22.38.85";"https://www.capfun.com/camping-france-pays_de_la_loire-domaine_des_forges-FR.html";"forte capacité";"";"1600";"424";"Non";"";"";"";"";"";""
"CAMPING L'ÉTOILE DE MER";"4 étoiles";"";"Lieu-dit la Pagesse, 34410 SÉRIGNAN";"Non trouvé";"0243530433";"https://www.eden-villages.fr/campings/etoiledemer/";"forte capacité";"";"489";"163";"Non";"";"";"";"";"";""
"CAMPING L'ÉTOILE D'OR";"4 étoiles";"";"Route de Taxo à la Mer, 66700 ARGELÈS-SUR-MER";"info@camping-etoiledor.com";"04 68 81 04 34";"https://www.camping-etoiledor.com";"forte capacité";"";"1232";"412";"Non";"";"";"";"";"";""
"CAMPING DE L'ATLANTIQUE";"4 étoiles";"";"5 bis rue du chemin de fer, 85750 ANGLES";"contact@camping-atlantique.com";"0251270319";"https://www.camping-vendee-atlantique.com/";"forte capacité";"";"1375";"393";"Non";"";"";"";"";"";""
"CAMPING LE VAL D'HÉRAULT";"4 étoiles";"";"Saint Étienne d'Issenac, 34190 BRISSAC";"levaldherault@gmail.com";"+33467737229";"https://www.camping-levaldherault.com/";"forte capacité";"";"600";"120";"Non";"";"";"";"";"";""
"CAMPING DU PARIS ROUSSILLON";"4 étoiles";"";"Avenue de la Retirada, 66700 ARGELÈS-SUR-MER";"paris-roussillon@capfun.com";"04 68 81 19 71";"https://www.parisroussillon.com/";"forte capacité";"";"800";"200";"Non";"";"";"";"";"";""
"CAMPING LE TRIVOLY";"4 étoiles";"";"Boulevard des Plages, 66440 TORREILLES";"camping.trivoly@chadotel.com";"0251330505";"https://www.chadotel.com/camping-le-trivoly-toreilles-plage/";"forte capacité";"";"804";"268";"Non";"";"";"";"";"";""
"CAMPING DE L'EVE";"4 étoiles";"";"route du fort de l'Eve Saint Marc sur Mer, 44600 SAINT-NAZAIRE";"eve@capfun.com";"02.40.91.99.11";"https://www.capfun.com/camping-france-pays_de_la_loire-l_eve-FR.html";"forte capacité";"";"1076";"274";"Non";"";"";"";"";"";""
"CAMPING LE PATISSEAU";"4 étoiles";"";"29 rue du Patisseau, 44210 PORNIC";"chenaie@capfun.com";"02 40 82 07 31";"https://www.lepatisseau.com/";"forte capacité";"";"1000";"220";"Non";"";"";"";"";"";""
"CAMPING LE PAS OPTON";"4 étoiles";"";"1335 ROUTE DU PAS OPTON, 85800 LE FENOUILLER";"Non trouvé";"0Non trouvé";"http://springharvestholidays.com";"forte capacité";"";"780";"260";"Non";"";"";"";"";"";""
"CAMPING LE SÉRIGNAN PLAGE";"5 étoiles";"";"les Orpellières, 34410 SÉRIGNAN";"info@leserignanplage.com";"33467323533";"https://www.leserignanplage.com";"forte capacité";"";"6000";"1466";"Non";"";"";"";"";"";""
"CAMPING DE L'OCÉAN";"5 étoiles";"";"Route de la Maison Rouge, 44490 LE CROISIC";"info@nae-vacances.com";"+33299903509";"https://www.nae-vacances.com/";"forte capacité";"";"1480";"370";"Non";"";"";"";"";"";""
"CAMPING DE L'OCÉAN";"5 étoiles";"";"17 rue du Brandais, 85470 BREM-SUR-MER";"Non trouvé";"0251905916";"https://www.campingdelocean.fr/";"forte capacité";"";"1572";"524";"Non";"";"";"";"";"";""
"CAMPING DE L'ORÉE DES PINS";"4 étoiles";"";"16 chemin de Bellevue, 85270 SAINT-HILAIRE-DE-RIEZ";"camping.loreedespins@orange.fr";"0251350030";"https://www.camping-loree-des-pins.com/";"forte capacité";"";"680";"173";"Non";"";"";"";"";"";""
"CAMPING DU LAC DE THOUX";"4 étoiles";"";"Lieu-Dit Lannes, 32430 THOUX";"lacdethoux@cielavillage.com";"+33564080014";"http://www.camping-lacdethoux.com";"forte capacité";"";"555";"185";"Non";"";"";"";"";"";""
"CAMPING LE SOLEIL DE LA MÉDITERRANÉE";"5 étoiles";"";"12 rue Charles Sainte Beuve, 66750 SAINT-CYPRIEN";"Non trouvé";"+33488811413";"https://www.camping-soleil-mediterranee.com/";"forte capacité";"";"1566";"522";"Non";"";"";"";"";"";""
"CAMPING LE SOLEIL BLEU";"4 étoiles";"";"Mas de la tourre, 66420 LE BARCARÈS";"Non trouvé";"+33%20(0)4 68 86 15 36";"https://www.naia-village.eu/";"forte capacité";"";"516";"172";"Non";"";"";"";"";"";""
"CAMPING LE SOLEIL";"5 étoiles";"";"Route du Littoral, 66700 ARGELÈS-SUR-MER";"Non trouvé";"0468811448";"https://www.camping-le-soleil.fr/";"forte capacité";"";"1450";"815";"Non";"";"";"";"";"";""
"CAMPING LE PARADIS";"4 étoiles";"";"Rue de la Source, 85440 TALMONT-SAINT-HILAIRE";"reservation@seagreen.fr";"+33 (0)5 64 10 20 20";"https://www.camping-leparadis85.com/";"forte capacité";"";"585";"195";"Non";"";"";"";"";"";""
"CAMPING LE SAINTE MARIE";"4 étoiles";"";"Rue des Clauses, 66470 SAINTE-MARIE-LA-MER";"Non trouvé";"04 84 39 08 60";"https://www.homair.com/camping/le-sainte-marie";"forte capacité";"";"900";"300";"Non";"";"";"";"";"";""
"CAMPING LE PETIT PARIS";"4 étoiles";"";"41 rue du petit Versailles, 85180 CHÂTEAU-D'OLONNE";"contact@campingpetitparis.com";"0251220444";"http://campingpetitparis.com";"forte capacité";"";"790";"190";"Non";"";"";"";"";"";""
"CAMPING CLOS MER ET NATURE";"3 étoiles";"";"103 rue de tharon, 44730 SAINT-MICHEL-CHEF-CHEF";"closmernature@orange.fr";"+33240278571";"http://www.camping-clos-mer-nature.fr";"forte capacité";"";"600";"200";"Non";"";"";"";"";"";""
"CAMPING CLUB LES BRUNELLES";"5 étoiles";"";"Les plantes de la Brunelle, 85560 LONGEVILLE-SUR-MER";"Non trouvé";"0Non trouvé";"https://www.ms-vacances.com/camping-club-ms/camping-club-les-brunelles/decouvrir-le-club/";"forte capacité";"";"2064";"688";"Non";"";"";"";"";"";""
"CAMPING DU CAMP DE FLORENCE";"4 étoiles";"";"Lieu-dit Le Camp de Florence, 32480 LA ROMIEU";"info@lecampdeflorence.com";"+33562281558";"https://www.lecampdeflorence.com/fr/";"forte capacité";"";"540";"180";"Non";"";"";"";"";"";""
"CAMPING DOMAINE DE ZAGARELLA";"4 étoiles";"";"Route de la Tranche, 85560 LONGEVILLE-SUR-MER";"zagarella@capfun.com";"02.51.33.30.60";"https://www.capfun.com/camping-france-pays_de_la_loire-zagarella-FR.html";"forte capacité";"";"1800";"320";"Non";"";"";"";"";"";""
"CAMPING DES ROUSSIÈRES";"3 étoiles";"";"Rue des Grandes Roussières, 85330 NOIRMOUTIER-EN-L'ÎLE";"contact@roussieres.com";"06-79-90-00-37";"https://www.campingdesroussieres.com/";"forte capacité";"";"792";"264";"Non";"";"";"";"";"";""
"CAMPING LE LAGON BLEU";"3 étoiles";"";"39 route du Fief Bas, 85690 NOTRE-DAME-DE-MONTS";"contact@camping-lelagonbleu.com";"+33251588529";"https://www.camping-lelagonbleu.com/";"forte capacité";"";"696";"199";"Non";"";"";"";"";"";""
"CAMPING LE REBAU";"3 étoiles";"";"12 bis rue du Rebau, 34290 MONTBLANC";"Non trouvé";"0467985078";"https://www.campinglerebau.fr/";"forte capacité";"";"483";"161";"Non";"";"";"";"";"";""
"CAMPING LE RANCHO";"3 étoiles";"";"Route de Sorède, 66700 ARGELÈS-SUR-MER";"info@campinglerancho.com";"+330468810488";"https://www.campinglerancho.com/";"forte capacité";"";"450";"150";"Non";"";"";"";"";"";""
"CAMPING LE PÉGUÈRE";"3 étoiles";"";"31 route de Pierrefitte, 65110 CAUTERETS";"%63%61%6d%70%69%6e%67%70%65%67%75%65%72%65@%77%61%6e%61%64%6f%6f.%66%72";"+33562925291";"https://www.campingpeguere.com/";"forte capacité";"";"450";"150";"Non";"";"";"";"";"";""
"CAMPING LE HAUT VILLAGE";"3 étoiles";"";"4 route de l'Étang, 44730 SAINT-MICHEL-CHEF-CHEF";"contact@camping-hautvillage.fr";"0240399345";"https://www.camping-hautvillage.fr/";"forte capacité";"";"480";"161";"Non";"";"";"";"";"";""
"CAMPING FARRET";"5 étoiles";"";"Chemin des Rosses, 34450 VIAS";"info@farret.com";"+33467216445";"http://www.camping-farret.com";"forte capacité";"";"957";"319";"Non";"";"";"";"";"";""
"CAMPING DE LA POINTE";"3 étoiles";"";"Chemin du port aux ânes, 44770 PRÉFAILLES";"lapointe@edenvillages.fr";"0243530433";"https://www.eden-villages.fr/campings/la-pointe-saint-gildas/";"forte capacité";"";"708";"236";"Non";"";"";"";"";"";""
"CAMPING FILAMENT";"4 étoiles";"";"route de Lasalle, 30140 THOIRAS";"filament@clicochic.com";"04.66.85.20.52";"https://www.clicochic.com/camping-france-languedoc_roussillon-domaine_de_filament-FR.html";"forte capacité";"";"660";"220";"Non";"";"";"";"";"";""
"CAMPING LE PRÉ LOMBARD";"4 étoiles";"";"avenue de l'ayroule, 9400 TARASCON-SUR-ARIÈGE";"contact@prelombard.com";"+33561056194";"http://www.prelombard.com";"forte capacité";"";"618";"206";"Non";"";"";"";"";"";""
"CAMPING LE PRÉ CATHARE";"3 étoiles";"";"rue jacquard, 9300 LAVELANET";"leprecathare@orange.fr";"+33 5 61 01 55 54";"https://www.villagedesbonshommes.com/";"forte capacité";"";"162";"150";"Non";"";"";"";"";"";""
"CAMPING LE PRÉ CATALAN";"5 étoiles";"";"Route de Saint Laurent, 66420 LE BARCARÈS";"info@yellohvillage-pre-catalan.com";"+33468861260";"http://precatalan.com";"forte capacité";"";"750";"250";"Non";"";"";"";"";"";""
"CAMPING DOMAINE DES SALINS";"4 étoiles";"";"43 chemin du Quart du Matelot, 85270 SAINT-HILAIRE-DE-RIEZ";"contact@domainedessalins.com";"0251593628";"https://www.domainedessalins.com/";"forte capacité";"";"592";"148";"Non";"";"";"";"";"";""
"CAMPING FLEUR DE CAMARGUE";"4 étoiles";"";"départementale 46, 30220 SAINT-LAURENT-D'AIGOUZE";"fleur-camargue@capfun.com";"04.66.88.15.42";"https://www.capfun.com/camping-france-languedoc_roussillon-fleur_de_camargue-FR.html";"forte capacité";"";"624";"208";"Non";"";"";"";"";"";""
"CAMPING LE PONT DU TARN";"3 étoiles";"";"route du pont de monvert, 48400 FLORAC";"contact@camping-florac.com";"04 66 45 18 26";"https://www.camping-florac.com/";"forte capacité";"";"564";"188";"Non";"";"";"";"";"";""
"CAMPING LE GRAND JARDIN";"4 étoiles";"";"50 rue de la Barre, 85690 NOTRE-DAME-DE-MONTS";"contact@campinglegrandjardin.fr";"+33228112175";"https://www.legrandjardin.net/";"forte capacité";"";"474";"158";"Non";"";"";"";"";"";""
"CAMPING LE GRAND CORSEAU";"3 étoiles";"";"fromentine - route de la grande côte, 85550 LA BARRE-DE-MONTS";"contact@corseau.com";"0251685287";"https://www.camping-grand-corseau.com/";"forte capacité";"";"296";"359";"Non";"";"";"";"";"";""
"CAMPING LE PLEIN AIR DES CHENES";"4 étoiles";"";"531 avenue Georges Frêche, 34830 CLAPIERS";"Non trouvé";"0Non trouvé";"-";"forte capacité";"";"771";"257";"Non";"";"";"";"";"";""
"CAMPING DE SION";"3 étoiles";"";"Avenue de la Forêt, 85270 SAINT-HILAIRE-DE-RIEZ";"campingsion85@gmail.com";"0251543423";"https://www.campingdesion.com/";"forte capacité";"";"465";"155";"Non";"";"";"";"";"";""
"CAMPING HUTTOPIA FONT-ROMEU";"3 étoiles";"";"Route de Mont Louis, 66120 FONT-ROMEU-ODEILLO-VIA";"Non trouvé";"04 68 30 09 32";"https://europe.huttopia.com/site/camping-font-romeu/";"forte capacité";"";"492";"164";"Non";"";"";"";"";"";""
"CAMPING HUTTOPIA LAC DE LUBY";"4 étoiles";"";"Lac de L'uby, 32150 CAZAUBON";"Non trouvé";"05 62 09 53 91";"https://europe.huttopia.com/site/camping-lac-de-luby-gers/";"forte capacité";"";"672";"224";"Non";"";"";"";"";"";""
"CAMPING DES PINS";"4 étoiles";"";"21 rue de la braie, 85690 NOTRE-DAME-DE-MONTS";"info@camping-despins85.com";"+33251588375";"https://www.camping-despins85.com/default.aspx";"forte capacité";"";"537";"179";"Non";"";"";"";"";"";""
"CAMPING LE PEYROLAIS";"3 étoiles";"";"821 chemin du Camping, 30760 SAINT-JULIEN-DE-PEYROLAS";"contact@camping-lepeyrolais.com";"33466821494";"https://www.camping-lepeyrolais.com/";"forte capacité";"";"700";"110";"Non";"";"";"";"";"";""
"CAMPING HUTTOPIA MILLAU";"3 étoiles";"";"455 avenue de l'Aigoual, 12100 MILLAU";"Non trouvé";"05 65 61 18 83";"https://europe.huttopia.com/site/camping-millau/";"forte capacité";"";"480";"160";"Non";"";"";"";"";"";""
"CAMPING LE PETIT CANADA";"3 étoiles";"";"Route des Bouillouses, 66210 LA LLAGONNE";"Non trouvé";"+33468284858";"https://www.camping-lepetitcanada.fr/";"forte capacité";"";"650";"164";"Non";"";"";"";"";"";""
"CAMPING HÉLIOS";"4 étoiles";"";"Allée des Pêcheurs, 34450 VIAS";"contact@camping-helios.com";"+33467216366";"http://www.camping-helios.com/";"forte capacité";"";"609";"203";"Non";"";"";"";"";"";""
"CAMPING LE PEARL";"4 étoiles";"";"route de Taxo à la mer, 66700 ARGELÈS-SUR-MER";"Non trouvé";"+33468812649";"https://www.camping-lepearl.com/";"forte capacité";"";"540";"180";"Non";"";"";"";"";"";""
"CAMPING EL MOLI";"4 étoiles";"";"Boulevard d'Archimède, 66200 ELNE";"elmoli@capfun.com";"04 68 22 08 46";"https://www.camping-el-moli.com/";"forte capacité";"";"882";"294";"Non";"";"";"";"";"";""
"CAMPING INNATURE";"4 étoiles";"";"7 chemin du Lac, 11190 ARQUES";"Non trouvé";"+33468477464";"https://www.camping-innature.com/";"forte capacité";"";"580";"129";"Non";"";"";"";"";"";""
"CAMPING L'ÉMERAUDE";"4 étoiles";"";"Chemin Départemental 37 les Gaillardels, 34420 PORTIRAGNES";"emeraude@capfun.com";"04 67 90 93 76";"http://www.campinglemeraude.com/";"forte capacité";"";"741";"247";"Non";"";"";"";"";"";""
"CAMPING LE MILLAU PLAGE";"4 étoiles";"";"Avenue de Millau plage, 12100 MILLAU";"Non trouvé";"0613366910";"https://www.campingmillauplage.fr/";"forte capacité";"";"618";"206";"Non";"";"";"";"";"";""
"CAMPING LES ROCHELETS";"4 étoiles";"";"Chemin des Grandes Rivières, 44250 SAINT-BREVIN-LES-PINS";"info@rochelets.com";"+33240274025";"https://www.rochelets.com/";"forte capacité";"";"690";"230";"Non";"";"";"";"";"";""
"CAMPING CŒUR DE VENDEE";"3 étoiles";"";"Le bois de la railliere, 85600 LA BOISSIÈRE-DE-MONTAIGU";"Non trouvé";"0430051538";"https://www.camping-coeurdevendee.fr/";"forte capacité";"";"516";"172";"Non";"";"";"";"";"";""
"CAMPING CARAVANING LES VAGUES";"4 étoiles";"";"20 boulevard du Nord, 85470 BRETIGNOLLES-SUR-MER";"contact@campinglesvagues.fr";"0251901948";"https://www.campinglesvagues.fr/";"forte capacité";"";"1110";"252";"Non";"";"";"";"";"";""
"CAMPING LE PUITS ROCHAIS";"4 étoiles";"";"25 rue de Bourdigal, 85180 CHÂTEAU-D'OLONNE";"%69%6e%66%6f@%70%75%69%74%73%72%6f%63%68%61%69%73.%63%6f%6d";"+33251210969";"https://www.puitsrochais.com/";"forte capacité";"";"648";"216";"Non";"";"";"";"";"";""
"CAMPING LE ROCHELONGUE";"4 étoiles";"";"215 route de Rochelongue, 34300 AGDE";"lerochelongue@orange.fr";"+33467212551";"https://www.camping-le-rochelongue.fr/";"forte capacité";"";"552";"138";"Non";"";"";"";"";"";""
"CAMPING LE RIOUMAJOU";"4 étoiles";"";"Chemin le Bernet, 65170 BOURISP";"Non trouvé";"0562394832";"http://www.camping-le-rioumajou.com";"forte capacité";"";"550";"192";"Non";"";"";"";"";"";""
"CAMPING INTERNATIONAL";"4 étoiles";"";"50 avenue du Barège, 65120 ESQUIÈZE-SÈRE";"Non trouvé";"05 62 92 82 02";"https://www.international-camping.fr/";"forte capacité";"";"480";"160";"Non";"";"";"";"";"";""
"CAMPING LE DOMAINE VILLA CAMPISTA";"3 étoiles";"";"298 Route du Perrier, 85270 SAINT-HILAIRE-DE-RIEZ";"Non trouvé";"02 51 68 33 71";"http://www.villa-campista.com";"forte capacité";"";"456";"152";"Non";"";"";"";"";"";""
"CAMPING ISIS EN CÉVENNES";"3 étoiles";"";"Les Cerclières, 30440 SAINT-JULIEN-DE-LA-NEF";"Non trouvé";"0Non trouvé";"https://isisencevennes.fr";"forte capacité";"";"885";"197";"Non";"";"";"";"";"";""
"CAMPING L'AIR MARIN";"4 étoiles";"";"Côte Est, 34450 VIAS";"Non trouvé";"04 67 21 64 90";"https://www.camping-air-marin.fr/";"forte capacité";"";"1200";"306";"Non";"";"";"";"";"";""
"CAMPING LE PALAIS DE LA MER";"4 étoiles";"";"Avenue de Las Illes, 66470 SAINTE-MARIE-LA-MER";"%63%6f%6e%74%61%63%74@%70%61%6c%61%69%73%64%65%6c%61%6d%65%72.%63%6f%6d";"+33468730794";"http://www.palaisdelamer.com";"forte capacité";"";"591";"197";"Non";"";"";"";"";"";""
"CAMPING LE DOMAINE MICHELIERE";"4 étoiles";"";"Lieu-dit la Micheliere, 85800 GIVRAND";"micheliere@vagues-oceanes.com";"02 51 28 10 20";"https://www.camping-vagues-oceanes.com/camping-vendee/micheliere.html";"forte capacité";"";"825";"275";"Non";"";"";"";"";"";""
"CAMPING LE DOMAINE LES DAUPHINS BLEUS";"5 étoiles";"";"16 rue du Rocher, 85800 GIVRAND";"dauphins-bleus@capfun.com";"02.51.55.59.34";"https://www.capfun.com/camping-france-pays_de_la_loire-dauphins_bleus-FR.html";"forte capacité";"";"1905";"325";"Non";"";"";"";"";"";""
"CAMPING LE DOMAINE LE CHATELIER";"4 étoiles";"";"Route de Nantes, 85800 LE FENOUILLER";"camping.lechatelier@orange.fr";"0228105075";"http://www.domainelechatelier.fr";"forte capacité";"";"795";"265";"Non";"";"";"";"";"";""
"CAMPING L'EDEN";"5 étoiles";"";"Route de l'Espiguette, 30240 LE GRAU-DU-ROI";"Non trouvé";"+330466514981";"https://www.campingleden.fr/fr/";"forte capacité";"";"1400";"360";"Non";"";"";"";"";"";""
"CAMPING LE NAVARRE";"3 étoiles";"";"534 avenue de la Méditerranée, 34450 VIAS";"campinglenavarre@gmail.com";"04 67 21 64 05";"http://www.campinglenavarre.com/";"forte capacité";"";"612";"153";"Non";"";"";"";"";"";""
"CAMPING L'ENCLAVE";"4 étoiles";"";"2 carrer Dels VIignals, 66800 ESTAVAR";"contact@camping-lenclave.com";"04 68 04 72 27";"http://www.camping-lenclave.com";"forte capacité";"";"519";"173";"Non";"";"";"";"";"";""
"CAMPING L'ESPIGUETTE";"3 étoiles";"";"Route de l'Espiguette, 30240 LE GRAU-DU-ROI";"Non trouvé";"+33466514392";"https://www.campingespiguette.fr/fr/";"forte capacité";"";"7616";"1765";"Non";"";"";"";"";"";""
"CAMPING L'HERMITAGE";"4 étoiles";"";"1263 avenue Edgar Faure, 34350 VALRAS-PLAGE";"hermitage@capfun.com";"04.67.32.61.81";"https://www.capfun.com/camping-france-languedoc_roussillon-hermitage-FR.html";"forte capacité";"";"705";"235";"Non";"";"";"";"";"";""
"CAMPING L'HIPPOCAMPE";"5 étoiles";"";"Route de Taxo, 66700 ARGELÈS-SUR-MER";"contact@camping-lasirene.fr";"33468810461";"https://www.camping-lasirene.fr/camping-l-hippocampe/";"forte capacité";"";"684";"171";"Non";"";"";"";"";"";""
"CAMPING L'OASIS PALAVASIENNE";"4 étoiles";"";"Route De Palavas, 34970 LATTES";"Non trouvé";"+33467151161";"http://www.oasis-palavasienne.com/";"forte capacité";"";"663";"221";"Non";"";"";"";"";"";""
"CAMPING DU JARD";"4 étoiles";"";"123 boulevard de Lattre de Tassigny, 85360 LA TRANCHE-SUR-MER";"info@campingdujard.fr";"+33251274379";"https://campingdujard.fr/";"forte capacité";"";"1623";"541";"Non";"";"";"";"";"";""
"CAMPING LE DOMAINE DU COLLET";"4 étoiles";"";"Route Verte, 44760 LES MOUTIERS-EN-RETZ";"%63%6f%6e%74%61%63%74@%64%6f%6d%61%69%6e%65-%64%75-%63%6f%6c%6c%65%74.%63%6f%6d";"+33240214092";"http://www.domaine-du-collet.com";"forte capacité";"";"813";"271";"Non";"";"";"";"";"";""
"CAMPING LE DOMAINE DU CLARYS";"5 étoiles";"";"77 avenue des épines, 85160 SAINT-JEAN-DE-MONTS";"Non trouvé";"04 84 39 08 60";"https://www.homair.com/camping/le-domaine-du-clarys";"forte capacité";"";"1707";"569";"Non";"";"";"";"";"";""
"CAMPING DU LAC DES VARENNES";"3 étoiles";"";"Route Port Gautier, 72340 MARÇON";"Non trouvé";"0Non trouvé";"http://www.lacdesvarennes.com/";"forte capacité";"";"750";"250";"Non";"";"";"";"";"";""
"CAMPING DU LAC DU JAUNAY";"3 étoiles";"";"la servantière, 85220 LANDEVIEILLE";"contact@camping-du-lac-du-jaunay.com";"+33251229161";"http://www.camping-du-lac-du-jaunay.com";"forte capacité";"";"468";"156";"Non";"";"";"";"";"";""
"CAMPING LE DOMAINE DES RENARDIÈRES";"3 étoiles";"";"13 chemin du Chêne Vert, 85270 NOTRE-DAME-DE-RIEZ";"Non trouvé";"0Non trouvé";"https://www.camping-renardieres.com/";"forte capacité";"";"400";"157";"Non";"";"";"";"";"";""
"CAMPING LE DOMAINE DES GUIFETTES";"3 étoiles";"";"Route de la Clairaye, 85400 LUÇON";"Non trouvé";"+33251560878";"https://www.camping-apv.com/atlantique/camping-vendee/camping-lucon/domaine-des-guifettes";"forte capacité";"";"462";"154";"Non";"";"";"";"";"";""
"CAMPING LE MONLÔO";"4 étoiles";"";"5 chemin monlôo, 65200 BAGNÈRES-DE-BIGORRE";"campingmonloo@yahoo.com";"0562951965";"http://www.lemonloo.com";"forte capacité";"";"594";"198";"Non";"";"";"";"";"";""
"CAMPING LA GRANDE COSSE";"4 étoiles";"";"Allée des Pins, 11560 FLEURY";"grande-cosse@capfun.com";"04.68.33.61.87";"https://www.capfun.com/camping-france-languedoc_roussillon-grande_cosse-FR.html";"forte capacité";"";"1746";"582";"Non";"";"";"";"";"";""
"CAMPING LE BARRALET";"3 étoiles";"";"6 chemin des Grès, 30210 COLLIAS";"Non trouvé";"+33466228452";"https://www.barralet.fr/";"forte capacité";"";"500";"135";"Non";"";"";"";"";"";""
"CAMPING CÔTÉ PLAGE";"4 étoiles";"";"Chemin de la Parée du Jonc, 85160 SAINT-JEAN-DE-MONTS";"infos@campingcoteplage.com";"0251588658";"https://www.campingcoteplage.com/";"forte capacité";"";"840";"280";"Non";"";"";"";"";"";""
"CAMPING LE BOIS MASSON";"4 étoiles";"";"149 rue des Sables, 85160 SAINT-JEAN-DE-MONTS";"";"0556079017";"https://siblu.fr/camping/france/cote-atlantique-nord/pays-de-la-loire/le-bois-masson";"forte capacité";"";"2000";"340";"Non";"";"";"";"";"";""
"CAMPING LE CLOS DU MOULIN";"4 étoiles";"";"Le Moulin Neuf, 44760 LA BERNERIE-EN-RETZ";"Non trouvé";"02 40 64 60 50";"https://www.closdumoulin.com/";"forte capacité";"";"852";"218";"Non";"";"";"";"";"";""
"CAMPING LA BELLE HENRIETTE";"4 étoiles";"";"163 boulevard du Maréchal de Lattre de Tassigny, 85360 LA TRANCHE-SUR-MER";"Non trouvé";"+33251303351";"http://www.campingbellehenriette.com";"forte capacité";"";"624";"208";"Non";"";"";"";"";"";""
"CAMPING LE DOMAINE DE LA PAILLE BASSE";"5 étoiles";"";"La Paille Basse, 46200 SOUILLAC";"paille-basse@vagues-oceanes.com";"0565378548";"http://www.lapaillebasse.com";"forte capacité";"";"864";"288";"Non";"";"";"";"";"";""
"CAMPING LE DOMAINE DE CÔTE VERMEILLE";"4 étoiles";"";"2400 chemin des Vignes, 11210 PORT-LA-NOUVELLE";"cote-vermeille@capfun.com";"04.68.48.05.80";"https://www.capfun.com/camping-france-languedoc_roussillon-cote_vermeille-FR.html";"forte capacité";"";"900";"300";"Non";"";"";"";"";"";""
"CAMPING LA BOLÉE D'AIR";"4 étoiles";"";"Route du Bouil, 85520 SAINT-VINCENT-SUR-JARD";"camping.bolee.dair@chadotel.com";"0251330505";"https://www.chadotel.com/camping-la-bolee-dair-saint-vincent-sur-jard/";"forte capacité";"";"684";"280";"Non";"";"";"";"";"";""
"CAMPING LE DAUPHIN";"5 étoiles";"";"Route de Taxo à la Mer, 66700 ARGELÈS-SUR-MER";"Non trouvé";"+33428297074";"https://www.campingledauphin.com/";"forte capacité";"";"1548";"516";"Non";"";"";"";"";"";""
"CAMPING LA BOUTINARDIÈRE";"4 étoiles";"";"23 rue de la Plage de la Boutinardière, 44210 PORNIC";"Non trouvé";"+33240820568";"https://www.camping-boutinardiere.com/";"forte capacité";"";"1056";"352";"Non";"";"";"";"";"";""
"CAMPING LA BRETONNIÈRE";"4 étoiles";"";"La Bretonnière, 85150 SAINT-JULIEN-DES-LANDES";"info@la-bretonniere.com";"02 51 46 62 44";"https://www.la-bretonniere.com/";"forte capacité";"";"495";"165";"Non";"";"";"";"";"";""
"CAMPING LE CLOS VIRGILE";"4 étoiles";"";"Route de la mer, 34410 SÉRIGNAN";"contact@leclosvirgile.fr";"+33467322064";"http://www.leclosvirgile.com";"forte capacité";"";"873";"299";"Non";"";"";"";"";"";""
"CAMPING LA BRETÈCHE";"4 étoiles";"";"Base de Loisirs, 85590 LES EPESSES";"breteche@capfun.com";"02.51.57.33.67";"https://www.capfun.com/camping-france-pays_de_la_loire-breteche-FR.html";"forte capacité";"";"960";"145";"Non";"";"";"";"";"";""
"CAMPING LE CLOS DU BOURG";"3 étoiles";"";"12 route du Perrier, 85690 NOTRE-DAME-DE-MONTS";"info@campingclosdubourg.com";"+33251590747";"https://www.campingclosdubourg.com/";"forte capacité";"";"543";"181";"Non";"";"";"";"";"";""
"CAMPING LE CLOS DES PINS";"4 étoiles";"";"51 chemin des Roselières, 85270 SAINT-HILAIRE-DE-RIEZ";"Non trouvé";"33251543262";"https://www.campingscollinet.com/campingleclosdespins/";"forte capacité";"";"1368";"228";"Non";"";"";"";"";"";""
"CAMPING LA CHÊNAIE";"4 étoiles";"";"36 Rue Du Patisseau, 44210 PORNIC";"chenaie@capfun.com";"02 40 82 07 31";"http://www.campinglachenaie.com";"forte capacité";"";"1671";"557";"Non";"";"";"";"";"";""
"CAMPING LE COLOMBIER";"4 étoiles";"";"Lieu-Dit Le Colombier, 85210 SAINT-MARTIN-LARS-EN-SAINTE-HERMINE";"contact@campingfiefmelin.com";"+33 5 46 47 60 85";"https://www.lecolombier-naturisme.com/fr/";"forte capacité";"";"650";"186";"Non";"";"";"";"";"";""
"CAMPING LA CLÉMENTINE";"4 étoiles";"";"1313 Route de la Baume, 30480 CENDRAS";"contact@camping-clementine.fr";"+33 4 66 86 52 69";"https://www.camping-clementine.fr/";"forte capacité";"";"702";"234";"Non";"";"";"";"";"";""
"CAMPING LA DUNE DE JADE";"4 étoiles";"";"110 avenue du Maréchal Foch, 44250 SAINT-BREVIN-LES-PINS";"Non trouvé";"+33240272291";"https://www.ladunedejade.fr/";"forte capacité";"";"588";"196";"Non";"";"";"";"";"";""
"CAMPING LA CARABASSE";"4 étoiles";"";"Avenue de la Méditerranée, 34450 VIAS";"reservations@siblu.fr";"0556079017";"http://www.lacarabasse.fr/";"forte capacité";"";"2565";"855";"Non";"";"";"";"";"";""
"CAMPING LA DUNE DES SABLES";"5 étoiles";"";"La Paracou, 85100 LES SABLES-D'OLONNE";"camping.dune.des.sables@chadotel.com";"0251330505";"https://www.chadotel.com/fr/camping/vendee/les-sables-dolonne/camping-la-dune-des-sables";"forte capacité";"";"750";"250";"Non";"";"";"";"";"";""
"CAMPING LE FRONT DE MER";"4 étoiles";"";"AVENUE DU GRAU, 66700 ARGELÈS-SUR-MER";"frontdemer66@gmail.com";"0468810870%20";"www.camping-front-mer.com";"forte capacité";"";"1737";"579";"Non";"";"";"";"";"";""
"CAMPING LE GALET";"3 étoiles";"";"233 avenue des Campings, 34340 MARSEILLAN";"Non trouvé";"+33467219561";"https://www.camping-galet.com/";"forte capacité";"";"1396";"249";"Non";"";"";"";"";"";""
"CAMPING LE DOMAINE DE LÉVÉNO";"4 étoiles";"";"Route de Sandun, 44350 GUÉRANDE";"info@camping-leveno.com";"+33240247930";"https://www.camping-leveno.com/";"forte capacité";"";"2400";"600";"Non";"";"";"";"";"";""
"CAMPING LE MAS DE LA PLAGE";"4 étoiles";"";"Avenue de la Plage, 34450 VIAS";"contact@lemasdelaplage.com";"+33488917304";"https://www.lemasdelaplage.com/";"forte capacité";"";"608";"152";"Non";"";"";"";"";"";""
"CAMPING LE MAS DE L'ISLE";"3 étoiles";"";"85 chemin du clapas, 34400 LUNEL";"camping@masdelisle.fr";"+330467832652";"https://www.campingmasdelisle.com/";"forte capacité";"";"540";"180";"Non";"";"";"";"";"";""
"CAMPING LE DOMAINE DE LA MADRAGUE";"4 étoiles";"";"Chemin de la Madrague, 44210 PORNIC";"madrague@capfun.com";"02.40.82.06.73";"https://www.capfun.com/camping-france-pays_de_la_loire-madrague-FR.html";"forte capacité";"";"879";"293";"Non";"";"";"";"";"";""
"CAMPING ELÉOVIC";"4 étoiles";"";"Route de la Pointe Saint Gildas, 44770 PRÉFAILLES";"contact@camping-eleovic.com";"+33240216160";"https://www.camping-eleovic.com/";"forte capacité";"";"459";"153";"Non";"";"";"";"";"";""
"CAMPING LE DOMAINE DE L'ORÉE";"4 étoiles";"";"13 route des Amis de la Nature, 85340 OLONNE-SUR-MER";"contact@l-oree.com";"0251331059";"https://www.l-oree.com/";"forte capacité";"";"1200";"304";"Non";"";"";"";"";"";""
"CAMPING LE MALAZÉOU";"4 étoiles";"";"route nationale 20, 9110 AX-LES-THERMES";"hello-ax-les-thermes@wellness-sport-camping.com";"+330561646914";"https://axlesthermes.wellness-sport-camping.com/";"forte capacité";"";"591";"197";"Non";"";"";"";"";"";""
"CAMPING EUROPA";"4 étoiles";"";"Le petit bois, 85800 GIVRAND";"contact@europacamp.com";"0251553268";"https://www.europacamp.com/";"forte capacité";"";"1012";"253";"Non";"";"";"";"";"";""
"CAMPING LA DAVIÈRE PLAGE";"4 étoiles";"";"10 Chemin de la Davière, 85160 SAINT-JEAN-DE-MONTS";"daviereplage@orange.fr";"(+33)0251582799";"https://www.daviereplage.com";"forte capacité";"";"459";"153";"Non";"";"";"";"";"";""
"CAMPING LA CHAPELLE";"5 étoiles";"";"Avenue du Tech, 66700 ARGELÈS-SUR-MER";"Non trouvé";"+33977555258";"https://www.camping-la-chapelle.com/";"forte capacité";"";"1821";"607";"Non";"";"";"";"";"";""
"CAMPING LA BAIE";"4 étoiles";"";"Boulevard du Communal, 85460 L'AIGUILLON-SUR-MER";"tucampou@gmail.com";"+33251564070";"https://campinglabaie.fr/";"forte capacité";"";"492";"164";"Non";"";"";"";"";"";""
"CAMPING L'ÉVASION";"4 étoiles";"";"Route des Sables, 85220 LANDEVIEILLE";"Non trouvé";"+33251229014";"https://www.camping-levasion.fr/";"forte capacité";"";"1127";"316";"Non";"";"";"";"";"";""
"CAMPING LA MARZELLE";"3 étoiles";"";"13 chemin de la marzelle à l'oisson, 85270 SAINT-HILAIRE-DE-RIEZ";"Non trouvé";"0251543259";"http://www.camping-lamarzelle.com";"forte capacité";"";"450";"150";"Non";"";"";"";"";"";""
"CAMPING DU PASQUIER";"3 étoiles";"";"18 chemin Victor et Georges Thévenot, 39100 DOLE";"lola@camping-le-pasquier.com";"03 84 72 02 61";"https://www.camping-le-pasquier.com/";"forte capacité";"";"500";"120";"Non";"";"";"";"";"";""
"CAMPING CALA GOGO";"5 étoiles";"";"avenue Armand Lanoux, 66750 SAINT-CYPRIEN";"camping@calagogo66.fr";"04 68 21 07 12";"http://www.camping-le-calagogo.fr/";"forte capacité";"";"1947";"649";"Non";"";"";"";"";"";""
"CAMPING DU VAL DE BONNAL";"5 étoiles";"";"1 chemin du moulin, 25680 BONNAL";"contact@camping-valdebonnal.com";"+33 (0)3 81 86 90 87";"http://camping-valdebonnal.com";"forte capacité";"";"816";"272";"Non";"";"";"";"";"";""
"CAMPING LES PRÉVEILS";"4 étoiles";"";"Avenue Sainte-Anne, 85360 LA TRANCHE-SUR-MER";"Non trouvé";"0251303052";"https://www.camping-les-preveils.com/";"forte capacité";"";"700";"178";"Non";"";"";"";"";"";""
"CAMPING LES PRISES";"4 étoiles";"";"142 boulevard Maréchal de Lattre de Tassigny, 85360 LA TRANCHE-SUR-MER";"prises@capfun.com";"02.51.97.10.03";"https://www.capfun.com/camping-france-pays_de_la_loire-les_prises-FR.html";"forte capacité";"";"780";"260";"Non";"";"";"";"";"";""
"CAMPING LES PRAIRIES DU LAC";"4 étoiles";"";"Route de Maché, 85220 APREMONT";"campinglesprairiesdulac@orange.fr";"+33 2 51 55 70 58";"https://www.holidaymobilehomesinfrance.com/";"forte capacité";"";"1128";"376";"Non";"";"";"";"";"";""
"CAMPING CAP LEUCATE";"3 étoiles";"";"Chemin du Mouret, 11370 LEUCATE";"camping.capleucate-mss@mairie-leucate.fr";"+33468400137";"https://campingmunicipalcapleucate-mss.fr/";"forte capacité";"";"800";"260";"Non";"";"";"";"";"";""
"CAMPING PARC BELLEVUE";"4 étoiles";"";"Chemin des Pêcheurs, 34350 VALRAS-PLAGE";"manoir-balkos@vagues-oceanes.com";"0467373394";"https://www.lebellevue.com";"forte capacité";"";"1272";"424";"Non";"";"";"";"";"";""
"CAMPING PALMIRA BEACH";"4 étoiles";"";"Lieu-Dit les Sablons, 34350 VENDRES";"palmira@clicochic.com";"04.67.94.29.00";"https://www.capfun.com/camping-france-languedoc_roussillon-palmira_beach-FR.html";"forte capacité";"";"606";"202";"Non";"";"";"";"";"";""
"CAMPING HUTTOPIA LA PLAGE BLANCHE";"3 étoiles";"";"3 rue de la Plage, 39380 OUNANS";"Non trouvé";"03 84 37 69 63";"https://europe.huttopia.com/site/camping-la-plage-blanche/";"forte capacité";"";"808";"202";"Non";"";"";"";"";"";""
"CAMPING ODALYS LA PINÈDE";"3 étoiles";"";"13 rue du Luxembourg, 34300 AGDE";"Non trouvé";"0484474922";"https://www.odalys-vacances.com/location-mer/languedoc-roussillon/cap-d-agde/la-pinede.html#";"forte capacité";"";"524";"131";"Non";"";"";"";"";"";""
"CAMPING ODALYS DOMAINE ÉLYSÉE";"3 étoiles";"";"980 route de l'Espiguette, 30240 LE GRAU-DU-ROI";"Non trouvé";"0484474922";"https://www.odalys-vacances.com/location-mer/languedoc-roussillon/le-grau-du-roi-port-camargue/elysee.html";"forte capacité";"";"2800";"697";"Non";"";"";"";"";"";""
"CAMPING CAPFUN LA BARBACANE";"4 étoiles";"";"Chaussée de Mandirac, 11100 NARBONNE";"barbacane@capfun.com";"04.68.49.03.72";"https://www.capfun.com/camping-france-languedoc_roussillon-mimosas-FR.html";"forte capacité";"";"1386";"268";"Non";"";"";"";"";"";""
"CAMPING CAPFUN LA BASTIDE";"4 étoiles";"";"Route de Générac, 30900 NÎMES";"bastide@capfun.com";"04.66.62.05.82";"https://www.capfun.com/camping-france-languedoc_roussillon-bastide-FR.html";"forte capacité";"";"753";"251";"Non";"";"";"";"";"";""
"CAMPING NOUVELLE FLORIDE LES MÉDITERRANÉES";"5 étoiles";"";"Avenue des campings, 34340 MARSEILLAN";"info@nouvelle-floride-camping.com";"+33 (0)4 67 21 94 49";"https://www.lesmediterranees.com/camping-nouvelle-floride-marseillan-plage";"forte capacité";"";"1419";"473";"Non";"";"";"";"";"";""
"CAMPING HUTTOPIA ÉTANG DE FOUCHÉ";"4 étoiles";"";"Rue du 8 Mai 1945, 21230 ARNAY-LE-DUC";"Non trouvé";"03 80 90 02 23";"https://europe.huttopia.com/site/etang-de-fouche/";"forte capacité";"";"800";"203";"Non";"";"";"";"";"";""
"CAMPING NEPTUNE";"4 étoiles";"";"46 boulevard du Saint Christ, 34300 AGDE";"info@campingleneptune.com";"0Non trouvé";"https://www.campingleneptune.com";"forte capacité";"";"652";"163";"Non";"";"";"";"";"";""
"CAMPING CAYOLA";"4 étoiles";"";"Côte Ouest, 34450 VIAS";"contacts@camping-apv.com";"02 51 56 08 78";"https://www.campingcayola.fr/";"forte capacité";"";"516";"172";"Non";"";"";"";"";"";""
"CAMPING NATURISTE LA CLAPÈRE";"3 étoiles";"";"Route Départementale 13, 66480 MAUREILLAS-LAS-ILLAS";"Non trouvé";"0Non trouvé";"https://www.clapere.com/";"forte capacité";"";"600";"200";"Non";"";"";"";"";"";""
"CAMPING LES PLACES DORÉES";"5 étoiles";"";"248 route de Notre Dame de Monts, 85160 SAINT-JEAN-DE-MONTS";"Non trouvé";"02 51 59 02 93";"https://www.placesdorees.com/";"forte capacité";"";"924";"308";"Non";"";"";"";"";"";""
"CAMPING DOMAINE LE QUERCY";"4 étoiles";"";"La Grange Brulée, 46300 GOURDON";"contact@domainequercy.com";"05 65 41 06 19";"https://www.domainequercy.com/";"forte capacité";"";"568";"142";"Non";"";"";"";"";"";""
"CAMPING BEL AIR";"4 étoiles";"";"Avenue Bonne Source, 44380 PORNICHET";"Non trouvé";"0Non trouvé";"https://www.belairpornichet.fr/";"forte capacité";"";"867";"289";"Non";"";"";"";"";"";""
"CAMPING LE PRÉ DES SABLES";"3 étoiles";"";"Rue Jean Racine, 85460 L'AIGUILLON-SUR-MER";"campinglepredessables@orange.fr";"+33 2 51 27 13 88";"http://www.campinglepredessables.fr/accueil.html";"forte capacité";"";"483";"161";"Non";"";"";"";"";"";""
"CAMPING L'OCÉAN";"4 étoiles";"";"67 rue de Notre Dame de Monts, 85160 SAINT-JEAN-DE-MONTS";"info.ocean@aloa-vacances.com";"+33251581390";"https://www.aloa-vacances.com/ocean/accueil/";"forte capacité";"";"618";"206";"Non";"";"";"";"";"";""
"CAMPING L'OCÉANO D'OR";"5 étoiles";"";"84 rue Georges Clémenceau, 85520 JARD-SUR-MER";"info@chadotel.com";"0251330505";"https://www.chadotel.com/camping-loceano-dor-jard-sur-mer/";"forte capacité";"";"1400";"450";"Non";"";"";"";"";"";""
"CAMPING LE FLORIDE ET L'EMBOUCHURE";"5 étoiles";"";"Route de Saint-Laurent, 66420 LE BARCARÈS";"lefloride@cielavillage.com";"+33468861175";"https://floride.fr/";"forte capacité";"";"1881";"627";"Non";"";"";"";"";"";""
"CAMPING LE FLORIDA";"5 étoiles";"";"ROUTE DE LATOUR  BAS ELNE, 66200 ELNE";"Non trouvé";"0Non trouvé";"www.campingleflorida.com";"forte capacité";"";"459";"153";"Non";"";"";"";"";"";""
"CAMPING L'ÉDEN";"4 étoiles";"";"13-15 route de Ker Rivaud, 44500 LA BAULE-ESCOUBLAC";"info@campingeden.com";"+33240600323";"http://www.campingeden.com";"forte capacité";"";"573";"191";"Non";"";"";"";"";"";""
"CAMPING LE DOMAINE DE KERNODET";"4 étoiles";"";"Route de Mesquer, 44350 SAINT-MOLF";"contact@domainedumes.fr";"02 40 22 41 99";"http://www.domainedekernodet.com";"forte capacité";"";"456";"152";"Non";"";"";"";"";"";""
"CAMPING GRAND R";"4 étoiles";"";"132 route de la Tranche-sur-Mer, 85460 LA FAUTE-SUR-MER";"contact@campinggrandr.fr";"+33251564287";"https://www.campinggrandr.fr/";"forte capacité";"";"510";"170";"Non";"";"";"";"";"";""
"CAMPING HAMACS";"4 étoiles";"";"Lieu-dit la guirlande Route des Cabanes, 11560 FLEURY";"hamacs@vagues-oceanes.com";"02 51 28 10 20";"https://www.camping-vagues-oceanes.com/camping-aude/hamacs.html";"forte capacité";"";"759";"253";"Non";"";"";"";"";"";""
"CAMPING LE LAC DES RÊVES";"4 étoiles";"";"Route de Pérols, 34970 LATTES";"";"0556079017";"https://siblu.fr/camping/france/mediterranee/occitanie/le-lac-des-reves";"forte capacité";"";"1752";"584";"Non";"";"";"";"";"";""
"CAMPING LA SIESTA";"4 étoiles";"";"237 Route de la Tranche-sur-mer, 85460 LA FAUTE-SUR-MER";"camping-la-siesta1@orange.fr";"0251271675";"https://www.camping-la-siesta.com/";"forte capacité";"";"600";"134";"Non";"";"";"";"";"";""
"CAMPING LA PALMERAIE";"4 étoiles";"";"Boulevard de la Plage, 66440 TORREILLES";"Non trouvé";"04 84 39 08 60";"https://www.homair.com/camping/la-palmeraie";"forte capacité";"";"720";"240";"Non";"";"";"";"";"";""
"CAMPING LE BAHAMAS BEACH";"4 étoiles";"";"168 route des Sables, 85800 SAINT-GILLES-CROIX-DE-VIE";"camping.bahamas.beach@chadotel.com";"0251330505";"https://www.chadotel.com/camping-le-bahamas-beach-saint-gilles-croix-de-vie/";"forte capacité";"";"705";"235";"Non";"";"";"";"";"";""
"CAMPING LA PETITE CAMARGUE";"5 étoiles";"";"quartier du Môle, 30220 AIGUES-MORTES";"info@la-petite-camargue.fr";"+33466539898";"http://www.yellohvillage-petite-camargue.com";"forte capacité";"";"1659";"553";"Non";"";"";"";"";"";""
"CAMPING LA PLAGE ET BORD DE MER";"4 étoiles";"";"Avenue de la Méditerranée, 34350 VENDRES";"Non trouvé";"+33451621885";"http://www.camping-plageetmer.com";"forte capacité";"";"1995";"665";"Non";"";"";"";"";"";""
"CAMPING LA PETITE MOTTE";"3 étoiles";"";"195 allée des peupliers, 34280 LA GRANDE-MOTTE";"Non trouvé";"04 67 56 54 75";"http://www.camping-lapetitemotte.com";"forte capacité";"";"594";"198";"Non";"";"";"";"";"";""
"CAMPING LAC DE RIBOU";"4 étoiles";"";"Allée Léon Mandin, 49300 CHOLET";"lacderibou@capfun.com";"02.41.49.74.30";"https://www.franceloc.fr/camping-france-pays_de_la_loire-lac_de_ribou-FR.html";"forte capacité";"";"1604";"301";"Non";"";"";"";"";"";""
"CAMPING LA PLAGE ARGELES";"3 étoiles";"";"avenue Général De Gaulle, 66700 ARGELÈS-SUR-MER";"Non trouvé";"0Non trouvé";"www.laplage-argeles.fr";"forte capacité";"";"741";"247";"Non";"";"";"";"";"";""
"CAMPING LA PLAGE";"5 étoiles";"";"Chemin des Rosses, 34450 VIAS";"info@farret.com";"+33467216445";"https://www.camping-farret.com/fr/";"forte capacité";"";"714";"238";"Non";"";"";"";"";"";""
"CAMPING LA YOLE";"4 étoiles";"";"13 chemin des Bosses Orouët, 85160 SAINT-JEAN-DE-MONTS";"Non trouvé";"02 51 58 67 17";"https://la-yole.bontempo.fr/";"forte capacité";"";"1134";"378";"Non";"";"";"";"";"";""
"CAMPING LA PLAGE DE RIEZ";"3 étoiles";"";"avenue des Mimosas, 85270 SAINT-HILAIRE-DE-RIEZ";"campingriez85@gmail.com";"0251543659";"https://www.campingplagederiez.com/";"forte capacité";"";"1380";"465";"Non";"";"";"";"";"";""
"CAMPING LA PLAGE";"4 étoiles";"";"106 avenue de la Pége, 85270 SAINT-HILAIRE-DE-RIEZ";"Non trouvé";"0Non trouvé";"http://www.campingscollinet.com/campinglaplage/";"forte capacité";"";"2034";"339";"Erreur site";"";"";"";"";"";""
"CAMPING LE BOIS DORMANT";"4 étoiles";"";"168 rue des sables, 85160 SAINT-JEAN-DE-MONTS";"";"0556079017";"https://siblu.fr/camping/france/cote-atlantique-nord/pays-de-la-loire/le-bois-dormant?arrival=2025-06-14&departure=2025-06-17";"forte capacité";"";"1737";"579";"Non";"";"";"";"";"";""
"CAMPING LE CHAPONNET";"4 étoiles";"";"16 rue du Chaponnet, 85470 BREM-SUR-MER";"lechaponnet@cielavillage.com";"+33251905556";"http://le-chaponnet.com";"forte capacité";"";"990";"330";"Non";"";"";"";"";"";""
"CAMPING LE CASTELLAS";"4 étoiles";"";"Route Nationale 112, 34200 SÈTE";"Non trouvé";"04 84 39 08 60";"https://www.homair.com/camping/le-castellas";"forte capacité";"";"2970";"990";"Non";"";"";"";"";"";""
"CAMPING LE CARAVAN'ÎLE";"5 étoiles";"";"1 Rue de la Tresson, 85680 LA GUÉRINIÈRE";"contact@caravanile.com";"33251395029";"https://www.caravanile.com/";"forte capacité";"";"1100";"389";"Non";"";"";"";"";"";""
"CAMPING LE CALIFORNIA";"4 étoiles";"";"Chemin de la Parée Verte, 85160 SAINT-JEAN-DE-MONTS";"camping.california@orange.fr";"0251581751";"https://le-california.com/";"forte capacité";"";"826";"231";"Non";"";"";"";"";"";""
"CAMPING LA GRAND'MÉTAIRIE";"4 étoiles";"";"8 rue de la Vineuse en Plaine, 85440 SAINT-HILAIRE-LA-FORÊT";"info@camping-grandmetairie.com";"02 51 33 32 38";"https://www.la-grand-metairie.com/";"forte capacité";"";"501";"167";"Non";"";"";"";"";"";""
"CAMPING LA COSTE ROUGE";"3 étoiles";"";"Route de Collioure, 66700 ARGELÈS-SUR-MER";"contact@lacosterouge.com";"0468810894";"https://www.lacosterouge.com/";"forte capacité";"";"555";"185";"Non";"";"";"";"";"";""
"CAMPING LE CALYPSO";"5 étoiles";"";"Boulevard de la plage, 66440 TORREILLES";"Non trouvé";"+33468280947";"https://www.camping-calypso.com/";"forte capacité";"";"1712";"306";"Non";"";"";"";"";"";""
"CAMPING LE CALIFORNIA";"4 étoiles";"";"route de saint laurent, 66420 LE BARCARÈS";"info@yellohvillage-loasisetcalifornia.com";"+33468861243";"https://www.camping-oasis.com/";"forte capacité";"";"768";"256";"Non";"";"";"";"";"";""
"CAMPING LE BRASILIA";"5 étoiles";"";"2 avenue des Anneaux du Roussillon, 66140 CANET-EN-ROUSSILLON";"info@lebrasilia.fr";"33468802382";"https://www.brasilia.fr/";"forte capacité";"";"2085";"695";"Non";"";"";"";"";"";""
"CAMPING LA CROIX DU SUD";"4 étoiles";"";"Route de Saint Laurent, 66420 LE BARCARÈS";"lacroixdusud@cielavillage.com";"+33468861661";"http://www.lacroixdusud.fr/";"forte capacité";"";"582";"194";"Non";"";"";"";"";"";""
"CAMPING LA CÔTE DES ROSES";"5 étoiles";"";"Route de Gruissan, 11100 NARBONNE";"Non trouvé";"0Non trouvé";"https://www.ms-vacances.com/destinations/occitanie/campings-aude/camping-club-la-cote-des-roses/?date_debut=15/08/2026&date_fin=22/08/2026&participants=1";"forte capacité";"";"2037";"679";"Non";"";"";"";"";"";""
"CAMPING LA GUICHARDIÈRE";"4 étoiles";"";"2 rue de Mouton, 44770 LA PLAINE-SUR-MER";"contact@camping-laguichardiere.net";"+33240215509";"https://www.camping-laguichardiere.net/";"forte capacité";"";"630";"210";"Non";"";"";"";"";"";""
"CAMPING DU PORT DE MORICQ";"3 étoiles";"";"13 route du port de moricq, 85750 ANGLES";"info@campingdemoricq.com";"+33251289521";"https://www.camping-portdemoricq.com/";"forte capacité";"";"450";"150";"Non";"";"";"";"";"";""
"CAMPING LE BOTH D'OROUËT";"3 étoiles";"";"77 avenue d'Orouët, 85160 SAINT-JEAN-DE-MONTS";"contact@camping-lebothdorouet.com";"+33251586037";"https://www.camping-lebothdorouet.com/fr/";"forte capacité";"";"760";"191";"Non";"";"";"";"";"";""
"CAMPING LA GABINELLE";"3 étoiles";"";"Avenue Paul Vidal, 34410 SAUVIAN";"Non trouvé";"0Non trouvé";"https://www.lagabinelle.com";"forte capacité";"";"788";"185";"Non";"";"";"";"";"";""
"CAMPING LE LAGON D'ARGELÈS";"4 étoiles";"";"25 avenue Molière, 66700 ARGELÈS-SUR-MER";"contact@camping-lelagon-argeles.com";"04 68 81 06 85";"https://www.camping-lelagon-argeles.com/";"forte capacité";"";"808";"202";"Non";"";"";"";"";"";""
"CAMPING LE BEAUCHÊNE";"3 étoiles";"";"Avenue de Lattre de Tassigny, 85440 AVRILLÉ";"contact@campinglebeauchene.com";"0251223049";"https://www.lebeauchene.com/";"forte capacité";"";"500";"135";"Non";"";"";"";"";"";""
"CAMPING LA NINA";"4 étoiles";"";"11 rue des Entrepreneurs, 34300 AGDE";"lanina@capfun.com";"04.67.94.02.21";"https://www.capfun.com/camping-france-languedoc_roussillon-cap_agathois-FR.html";"forte capacité";"";"1700";"341";"Non";"";"";"";"";"";""
"CAMPING LE BOIS DE LA GACHÈRE";"4 étoiles";"";"1 route de la Gachère, 85340 OLONNE-SUR-MER";"contact@camping-gachere.com";"0251226582";"https://www.leboisdelagachere.com";"forte capacité";"";"483";"161";"Non";"";"";"";"";"";""
"CAMPING LA NAUTIQUE";"4 étoiles";"";"254 avenue des Etangs, 11100 NARBONNE";"lanautique@capfun.com";"04.68.90.48.19";"https://www.capfun.com/camping-france-languedoc_roussillon-nautique-FR.html";"forte capacité";"";"1101";"367";"Non";"";"";"";"";"";""
"CAMPING LA ROSERAIE";"4 étoiles";"";"20 avenue Jean Sohier, 44500 LA BAULE-ESCOUBLAC";"camping@laroseraie.com";"+33240604666";"https://www.laroseraie.com/";"forte capacité";"";"960";"320";"Non";"";"";"";"";"";""
"CAMPING HUTTOPIA LAC DE SILLÉ";"3 étoiles";"";"Sillé Plage, 72140 SILLÉ-LE-GUILLAUME";"Non trouvé";"02 43 20 16 12";"https://europe.huttopia.com/site/camping-lac-de-sille/";"forte capacité";"";"600";"151";"Non";"";"";"";"";"";""
"CAMPING HUTTOPIA NOIRMOUTIER";"3 étoiles";"";"23 allée des sableaux, 85330 NOIRMOUTIER-EN-L'ÎLE";"Non trouvé";"02 51 39 06 24";"https://europe.huttopia.com/site/camping-noirmoutier/";"forte capacité";"";"1464";"488";"Non";"";"";"";"";"";""
"CAMPING HUTTOPIA SAUMUR";"4 étoiles";"";"1 chemin Chantepie, 49400 SAUMUR";"Non trouvé";"02 41 67 95 34";"https://europe.huttopia.com/site/camping-saumur/";"forte capacité";"";"507";"169";"Non";"";"";"";"";"";""
"CAMPING ISLE VERTE";"4 étoiles";"";"Avenue de la Loire, 49730 MONTSOREAU";"isleverte49@orange.fr";"+33  2 41 51 76 60";"http://www.campingisleverte.com";"forte capacité";"";"620";"114";"Non";"";"";"";"";"";""
"CAMPING KABANA VILLAGE";"4 étoiles";"";"7 chemin des Hommeaux, 85270 SAINT-HILAIRE-DE-RIEZ";"contact@kabanavillage.fr";"0228188010";"https://kabanavillage.fr/";"forte capacité";"";"621";"207";"Non";"";"";"";"";"";""
"CAMPING L'ABRI DES PINS";"4 étoiles";"";"247 route de Notre-Dame de Monts, 85160 SAINT-JEAN-DE-MONTS";"Non trouvé";"02 51 58 83 86";"https://www.abridespins.com/";"forte capacité";"";"624";"207";"Non";"";"";"";"";"";""
"CAMPING LE DOMAINE DE BRÉHADOUR";"4 étoiles";"";"Route de Bréhadour, 44350 GUÉRANDE";"brehadour@edenvillages.fr";"0243530433";"https://www.eden-villages.fr/campings/domainedebrehadour/";"forte capacité";"";"780";"260";"Non";"";"";"";"";"";""
"CAMPING L'ALBIZIA";"4 étoiles";"";"52 route de la rive, 85690 NOTRE-DAME-DE-MONTS";"Non trouvé";"0228112850";"https://www.campinglalbizia.com/";"forte capacité";"";"535";"153";"Non";"";"";"";"";"";""
"CAMPING LE DOMAINE DE BEAULIEU";"4 étoiles";"";"Les Temples, 85800 GIVRAND";"camping.domaine.de.beaulieu@chadotel.com";"0251330505";"https://www.chadotel.com/camping-le-domaine-de-beaulieu-saint-gilles-croix-de-vie/";"forte capacité";"";"884";"340";"Non";"";"";"";"";"";""
"CAMPING L'ESCALE DU PERTHUIS";"4 étoiles";"";"120 boulevard de Lattre de Tassigny, 85360 LA TRANCHE-SUR-MER";"lescaleduperthuis@flowercampings.com";"02 51 30 38 96";"https://www.lescale-du-perthuis.com/";"forte capacité";"";"1560";"390";"Non";"";"";"";"";"";""
"CAMPING LE COTTAGE FLEURI";"4 étoiles";"";"4 IMPASSE DU COTTAGE, 85360 LA TRANCHE-SUR-MER";"Non trouvé";"0Non trouvé";"http://www.camping-lecottagefleuri.com";"forte capacité";"";"897";"299";"Non";"";"";"";"";"";""
"CAMPING LA BOURIE";"3 étoiles";"";"Quartier la Bourie, 65250 HÈCHES";"Non trouvé";"06 51 31 35 34";"https://www.camping-labourie.com";"forte capacité";"";"700";"117";"Non";"";"";"";"";"";""
"CAMPING L'ILE AUX OISEAUX";"3 étoiles";"";"36 rue du Pré Neuf, 85340 L'ÎLE-D'OLONNE";"contact@ile-aux-oiseaux.com";"33251908996";"www.ile-aux-oiseaux.fr";"forte capacité";"";"675";"225";"Non";"";"";"";"";"";""
"CAMPING LA BEXANELLE";"4 étoiles";"";"Camping la Bexanelle, 9220 VICDESSOS";"info@labexanelle.com";"+33561648222";"https://www.labexanelle.com/";"forte capacité";"";"516";"172";"Non";"";"";"";"";"";""
"CAMPING LE CHÂTEAU";"5 étoiles";"";"50 rue du Château Vieux, 85270 SAINT-HILAIRE-DE-RIEZ";"Non trouvé";"+33251543588";"https://www.sunmarina.com/camping-le-chateau/";"forte capacité";"";"1029";"343";"Non";"";"";"";"";"";""
"CAMPING LA MER";"3 étoiles";"";"Chemin des camarines, 34300 AGDE";"Non trouvé";"+33448201308";"http://www.campinglamer.eu";"forte capacité";"";"549";"183";"Non";"";"";"";"";"";""
"CAMPING LE CHÂTEAU DU PETIT BOIS";"4 étoiles";"";"1820 route de Kerlagadec, 44420 MESQUER";"Non trouvé";"02.40.42.68.77";"https://www.campingdupetitbois.com/";"forte capacité";"";"693";"231";"Non";"";"";"";"";"";""
"CAMPING LA MAÏRE";"3 étoiles";"";"Route des Plages, 34410 SÉRIGNAN";"contact@camping-la-maire.com";"+33467397200";"http://www.camping-herault-lamaire.com/";"forte capacité";"";"618";"206";"Non";"";"";"";"";"";""
"CAMPING LA MARMOTTE";"4 étoiles";"";"RN 20 LES FANGASSIS, 9110 SAVIGNAC-LES-ORMEAUX";"camping@marmotte09.fr";"0561642440";"www.camping-lamarmotte.com";"forte capacité";"";"453";"151";"Non";"";"";"";"";"";""
"CAMPING LA SARDANE";"4 étoiles";"";"Avenue du Grau, 66700 ARGELÈS-SUR-MER";"Non trouvé";"+33468811082";"https://www.campinglasardane.fr/";"forte capacité";"";"1263";"421";"Non";"";"";"";"";"";""
"CAMPING LA SIRÈNE";"5 étoiles";"";"Route de Taxo, 66700 ARGELÈS-SUR-MER";"contact@camping-lasirene.fr";"33468810461";"https://www.camping-lasirene.fr/";"forte capacité";"";"2964";"741";"Non";"";"";"";"";"";""
"CAMPING LA PRAIRIE";"4 étoiles";"";"91 chemin des Roselières, 85270 SAINT-HILAIRE-DE-RIEZ";"Non trouvé";"33251540856";"https://www.campingscollinet.com/campinglaprairie/";"forte capacité";"";"1656";"276";"Non";"";"";"";"";"";""
"CAMPING LA RENAUDIÈRE";"4 étoiles";"";"2 ROUTE DE LA RENAUDIERE, 44770 LA PLAINE-SUR-MER";"renaudiere@mirabel-campings.com";"+33240215003";"https://www.campinglarenaudiere.com/";"forte capacité";"";"582";"194";"Non";"";"";"";"";"";""
"CAMPING LA POMME DE PIN";"5 étoiles";"";"6 avenue des becs, 85270 SAINT-HILAIRE-DE-RIEZ";"info@campingpommedepin.fr";"+33251582126";"http://www.campingpommedepin.fr";"forte capacité";"";"852";"284";"Non";"";"";"";"";"";""
"CAMPING LA SOUSTA";"4 étoiles";"";"28 avenue du Pont du Gard, 30210 REMOULINS";"info@lasousta.com";"04 66 37 12 80";"https://www.lasousta.com/";"forte capacité";"";"990";"330";"Non";"";"";"";"";"";""
"CAMPING LE BOIS DE BAYADÈNE";"4 étoiles";"";"Route de Kerdrien, 44420 PIRIAC-SUR-MER";"";"0556079017";"https://siblu.fr/camping/france/cote-atlantique-nord/pays-de-la-loire/bois-de-bayadene";"forte capacité";"";"1008";"336";"Non";"";"";"";"";"";""
"CAMPING LE CAUSSANEL";"4 étoiles";"";"lac de pareloup, 12290 CANET-DE-SALARS";"lecaussanel@cielavillage.com";"+33(0)466600700";"https://www.camping-caussanel.fr/fr";"forte capacité";"";"756";"252";"Non";"";"";"";"";"";""
"CAMPING LA MARENDE";"4 étoiles";"";"Avenue du Littoral, 66700 ARGELÈS-SUR-MER";"info@yellohvillage-marende.com";"+33468811209";"https://www.marende.com/fr/";"forte capacité";"";"624";"208";"Non";"";"";"";"";"";""
"CAMPING AU CŒUR DES VIGNES";"3 étoiles";"";"5 rue de la Piscine, 39600 ARBOIS";"camping@au-coeur-des-vignes.com";"06 46 51 91 54";"https://au-coeur-des-vignes.com/";"bien noté";"";"279";"93";"Non";"";"";"";"";"";""
"CAMPING AUBERGE DE L'ÎLE";"3 étoiles";"";"impasse de l'île, 39700 RANCHOT";"campingdelile39@orange.fr";"03 84 71 13 56";"https://juracampingdelile.fr/index.php/fr/";"bien noté";"";"99";"33";"Non";"";"";"";"";"";""
"CAMPING PRAD'HÉOL";"3 étoiles";"";"180 rue du moulin à eau, 44420 MESQUER";"Non trouvé";"02%2040 15 34 21";"http://camping-labaule.fr/";"bien noté";"";"207";"69";"Non";"";"";"";"";"";""
"CAMPING DE BESANÇON CHALEZEULE";"3 étoiles";"";"12 Route De Belfort, 25220 CHALEZEULE";"campingdebesancon@onlycamp.fr";"07 44 85 78 59";"www.campingdebesancon.com";"bien noté";"";"321";"107";"Non";"";"";"";"";"";""
"CAMPING PORT SAINTE MARIE";"3 étoiles";"";"D41, 72430 NOYEN-SUR-SARTHE";"Non trouvé";"0Non trouvé";"https://www.camping-malicorne-sur-sarthe.fr/";"bien noté";"";"201";"67";"Non";"";"";"";"";"";""
"CAMPING BIJOU DU DOUBS";"3 étoiles";"";"3 route du pont, 71270 LAYS-SUR-LE-DOUBS";"Non trouvé";"+33 3 85 72 82 32";"https://bijoududoubs.com/?page_id=89&lang=fr";"bien noté";"";"201";"67";"Non";"";"";"";"";"";""
"CAMPING PORT MULON";"3 étoiles";"";"RUE DES MARES NOIRES, 44390 NORT-SUR-ERDRE";"campingnortsurerdre@night-day.fr";"+33236748237";"https://www.night-and-day.fr/camping/35-camping-du-port-mulon";"bien noté";"";"285";"95";"Non";"";"";"";"";"";""
"CAMPING CHALETS PLAGE DES SETTONS";"3 étoiles";"";"rive gauche, Lac des Settons, 58230 MONTSAUCHE-LES-SETTONS";"Non trouvé";"0Non trouvé";"http://camping-chalets-settons.com/fr/camping-lac-des-settons-morvan/";"bien noté";"";"180";"60";"Non";"";"";"";"";"";""
"CAMPING D'AUTUN";"3 étoiles";"";"Les Chaumottes, 71400 AUTUN";"Non trouvé";"0Non trouvé";"-";"bien noté";"";"255";"86";"Non";"";"";"";"";"";""
"CAMPING MAHANA BY LA PÈGE";"4 étoiles";"";"67 avenue de la Pège, 85270 SAINT-HILAIRE-DE-RIEZ";"info@camping-mahana.fr";"+33251543452";"http://www.camping-mahana.fr";"bien noté";"";"306";"102";"Non";"";"";"";"";"";""
"CAMPING DE SAULIEU";"3 étoiles";"";"Route Nationale, 21210 SAULIEU";"campingdesaulieu@onlycamp.fr";"07 67 91 25 70";"https://www.terracamps.com/camping-nature/camping-de-saulieu";"bien noté";"";"300";"100";"Non";"";"";"";"";"";""
"CAMPING RÉSIDÉA";"4 étoiles";"";"18 route de Soullans, 85270 SAINT-HILAIRE-DE-RIEZ";"residea@orange.fr";"0251555576";"https://www.camping-residea.com/";"bien noté";"";"291";"97";"Non";"";"";"";"";"";""
"CAMPING CARPODROME L'ÉTANG DE LA FOUGERAIE";"3 étoiles";"";"hameau de champs, 58120 SAINT-LÉGER-DE-FOUGERET";"Non trouvé";"+33 (0)3 86 85 11 85";"https://www.camping-fougeraie-bourgogne-morvan.com/fr/";"bien noté";"";"243";"81";"Non";"";"";"";"";"";""
"CAMPING SAINT HUBERT";"3 étoiles";"";"759 avenue de La Plage, 85440 TALMONT-SAINT-HILAIRE";"Non trouvé";"0Non trouvé";"https://www.campingsthubert.com/";"bien noté";"";"259";"63";"Erreur site";"";"";"";"";"";""
"CAMPING DE MATOUR";"3 étoiles";"";"2 rue de la piscine, 71520 MATOUR";"campingdematour@onlycamp.fr";"07 59 61 40 96";"https://terracamps.com/camping-nature/camping-de-matour";"bien noté";"";"246";"82";"Non";"";"";"";"";"";""
"CAMPING AU BOIS JOLI";"4 étoiles";"";"2 rue Villeprenoy, 89480 ANDRYES";"Non trouvé";"+33386817048";"https://www.campingauboisjoli.com/";"bien noté";"";"350";"100";"Non";"";"";"";"";"";""
"CAMPING BEAUSÉJOUR";"3 étoiles";"";"18 avenue Charles de Gaulle, 89140 SERGINES";"Non trouvé";"0Non trouvé";"https://camping-sergines.fr/";"bien noté";"";"189";"63";"Non";"";"";"";"";"";""
"CAMPING PLEIN SUD";"4 étoiles";"";"246 rue de Notre Dame de Monts, 85160 SAINT-JEAN-DE-MONTS";"info@campingpleinsud.com";"+33251591040";"https://www.campingpleinsud.com/";"bien noté";"";"436";"109";"Non";"";"";"";"";"";""
"CAMPING DE BOURBON-LANCY";"3 étoiles";"";"11 rue des Eurimants, 71140 BOURBON-LANCY";"campingdebourbonlancy@onlycamp.fr";"07 75 71 62 56";"https://www.terracamps.com/camping-nature/camping-de-bourbon-lancy";"bien noté";"";"210";"70";"Non";"";"";"";"";"";""
"CAMPING DE L'ABBAYE";"3 étoiles";"";"2 route du lac, 39130 BONLIEU";"Non trouvé";"+33123456789";"https://www.camping-abbaye.com/";"bien noté";"";"300";"87";"Non";"";"";"";"";"";""
"CAMPING MORÉDÉNA";"3 étoiles";"";"Rue du Pont, 49640 MORANNES SUR SARTHE-DAUMERAY";"contact@camping-moredena.com";"02 41 42 76 95";"http://www.camping-moredena.com/";"bien noté";"";"297";"99";"Non";"";"";"";"";"";""
"CAMPING MUNICIPAL AU BORD DU LOIR";"3 étoiles";"";"Route du Mans, 72800 LE LUDE";"Non trouvé";"0Non trouvé";"https://www.camping-lelude.com/";"bien noté";"";"366";"122";"Non";"";"";"";"";"";""
"CAMPING DE NEVERS";"3 étoiles";"";"Rue de la Jonction, 58000 NEVERS";"campingdenevers@onlycamp.fr";"07 44 97 09 66";"https://www.terracamps.com/camping-nature/camping-de-nevers";"bien noté";"";"222";"75";"Non";"";"";"";"";"";""
"CAMPING DE MESSEUGNE";"3 étoiles";"";"LIEU DIT MESSEUGNE, 71460 SAVIGNY-SUR-GROSNE";"Non trouvé";"0Non trouvé";"https://camping-messeugne.com/";"bien noté";"";"216";"72";"Erreur site";"";"";"";"";"";""
"CAMPING DE LA PLAGE";"3 étoiles";"";"3 lieu-dit le portail, 21250 POUILLY-SUR-SAÔNE";"Non trouvé";"08 01 12 08 30";"http://www.campingdelaplage-seurre.fr/";"bien noté";"";"300";"100";"Non";"";"";"";"";"";""
"CAMPING LE RELAIS DU CAMPEUR";"4 étoiles";"";"Lieu-dit l'Hospitalet, 46500 ROCAMADOUR";"lerelaisducampeur@outlook.com";"//+33564080010";"https://www.leparadisducampeur.com/fr";"bien noté";"";"297";"99";"Non";"";"";"";"";"";""
"CAMPING MUNICIPAL DE SAINT LÉONARD DES BOIS";"3 étoiles";"";"31 rue des alpes mancelles, 72130 SAINT-LÉONARD-DES-BOIS";"camping@saintleonarddesbois.fr";"02 43 33 81 79";"https://www.saintleonarddesbois.fr/camping-municipal-communal";"bien noté";"";"243";"81";"Non";"";"";"";"";"";""
"CAMPING MUNICIPAL DU SANS SOUCI";"3 étoiles";"";"Allée André Chevalier, 72130 FRESNAY-SUR-SARTHE";"Non trouvé";"0Non trouvé";"https://www.fresnaysursarthe.fr/-Camping-du-Sans-souci-.html";"bien noté";"";"42";"82";"Non";"";"";"";"";"";""
"CAMPING MUNICIPAL DU VAL DE SARTHE";"3 étoiles";"";"rue de l'abreuvoir, 72170 BEAUMONT-SUR-SARTHE";"camping-beaumontssarthe@orange.fr";"+33 2 43 97 01 93";"https://www.camping-val-de-sarthe.fr/";"bien noté";"";"219";"73";"Non";"";"";"";"";"";""
"CAMPING DE TOURNUS";"3 étoiles";"";"14 rue des Canes, 71700 TOURNUS";"camping-tournus@orange.fr";"0Non trouvé";"https://www.camping-tournus.com/";"bien noté";"";"270";"90";"Non";"";"";"";"";"";""
"CAMPING SAINT-CLAIR";"3 étoiles";"";"Rue des hauts du port, 44530 GUENROUET";"contact@campingsaintclair.com";"+330240876152";"https://www.campingsaintclair.com/";"bien noté";"";"378";"126";"Non";"";"";"";"";"";""
"CAMPING LES PRAIRIES DE L’ÉTANG";"4 étoiles";"";"20 rue du Pont aux Pages, 44410 ASSÉRAC";"lesprairies@orange.fr";"+33240017335";"https://www.lesprairies.net/238-loisirs/316-zone-de-loisirs-et-aire-de-jeux.html";"bien noté";"";"430";"142";"Non";"";"";"";"";"";""
"CAMPING DU HÉRISSON";"3 étoiles";"";"Lieu-Dit Val Dessus, 39130 MENÉTRUX-EN-JOUX";"contact@camping-du-herisson.fr";"+33384257159";"www.camping-du-herisson.fr";"bien noté";"";"159";"53";"Non";"";"";"";"";"";""
"CAMPING DU PONT VERT";"3 étoiles";"";"rue de la piscine, 71360 ÉPINAC";"Non trouvé";"03 85 54 29 83";"www.campingdupontvert-epinac.com";"bien noté";"";"246";"82";"Non";"";"";"";"";"";""
"CAMPING MUNICIPAL SOUS ROCHE";"3 étoiles";"";"Rue sous Roche, 89200 AVALLON";"campingsousroche@ville-avallon.fr";"03 86 34 10 39";"http://www.campingsousroche.com/";"bien noté";"";"288";"96";"Non";"";"";"";"";"";""
"CAMPING DU LAC DE LA SEIGNEURIE";"3 étoiles";"";"3 rue de la seigneurie, 90110 LEVAL";"Non trouvé";"(+33) 3 84 23 00 13";"www.camping-lac-seigneurie.com";"bien noté";"";"330";"110";"Non";"";"";"";"";"";""
"CAMPING DU LAC";"4 étoiles";"";"Lac de Saint Point Lamartine, 71520 SAINT-POINT";"Non trouvé";"0985107421";"https://www.campingsaintpoint.com/";"bien noté";"";"246";"82";"Non";"";"";"";"";"";""
"CAMPING MUNICIPAL LE PONT DES FÉES";"3 étoiles";"";"Rue du pont des fées, 49150 BAUGÉ";"camping@baugeenanjou.fr";"0033 2 59 33 77 70";"http://www.camping-bauge.fr/";"bien noté";"";"135";"45";"Non";"";"";"";"";"";""
"CAMPING LES SALINES";"3 étoiles";"";"70-72 avenue des Becs, 85270 SAINT-HILAIRE-DE-RIEZ";"campinglessalines@gmail.com";"+33251581195";"https://www.campingsalines.com/";"bien noté";"";"369";"123";"Non";"";"";"";"";"";""
"CAMPING LES SAMARAS";"3 étoiles";"";"53 chemin du champ de bataille, 85160 SAINT-JEAN-DE-MONTS";"contact@camping-lessamaras.fr";"02 51 59 51 01";"www.camping-lessamaras.fr";"bien noté";"";"204";"68";"Non";"";"";"";"";"";""
"CAMPING DU GÎT";"3 étoiles";"";"7 chemin du Gît, 39300 MONTIGNY-SUR-L'AIN";"info@campingdugit.com";"0785575328";"https://campingdugit.com/";"bien noté";"";"189";"63";"Non";"";"";"";"";"";""
"CAMPING DU LAC DE PALINGES";"3 étoiles";"";"Le Fourneau, Plan d'eau, 71430 PALINGES";"Non trouvé";"+33974560813";"https://www.campingdulac.eu/";"bien noté";"";"186";"62";"Non";"";"";"";"";"";""
"CAMPING DOMAINE LA ROCHE D'ULLY";"4 étoiles";"";"5 allée de la Tour de Peilz, 25290 ORNANS";"contact@larochedully.com";"+33381571779";"http://www.camping-ornans.com";"bien noté";"";"318";"106";"Non";"";"";"";"";"";""
"CAMPING DES ÎLES";"3 étoiles";"";"ROUTE DE VILLEVALLIER, 89330 SAINT-JULIEN-DU-SAULT";"Non trouvé";"0Non trouvé";"www.camping-yonne.fr";"bien noté";"";"159";"53";"Non";"";"";"";"";"";""
"CAMPING LES TOURNESOLS";"3 étoiles";"";"Le Landereau, 72140 LE GREZ";"Non trouvé";"04 74 29 00 33";"https://www.campinglestournesols.com/";"bien noté";"";"225";"75";"Non";"";"";"";"";"";""
"CAMPING LES VIOLETTES";"4 étoiles";"";"Route de la Tranche, 85460 LA FAUTE-SUR-MER";"info@campinglesviolettes.fr";"02 51 27 19 97";"https://www.campinglesviolettes.fr/";"bien noté";"";"342";"114";"Non";"";"";"";"";"";""
"CAMPING DES LANCIÈRES";"3 étoiles";"";"Rue André Henriat, 89220 ROGNY-LES-SEPT-ÉCLUSES";"Non trouvé";"03 86 74 57 50";"http://www.campingdeslancieres.fr";"bien noté";"";"120";"40";"Non";"";"";"";"";"";""
"CAMPING DES GROTTES";"3 étoiles";"";"180 Allée Des Grottes, 71260 AZÉ";"contact@camping-des-grottes.com";"03 85 33 36 48";"https://www.camping-des-grottes.com/";"bien noté";"";"225";"75";"Non";"";"";"";"";"";""
"CAMPING DES BALLASTIÈRES";"3 étoiles";"";"1 Rue du TITAN, 70290 CHAMPAGNEY";"info@campingdesballastieres.com";"+33384231122";"www.campingdesballastieres.com";"bien noté";"";"402";"134";"Non";"";"";"";"";"";""
"CAMPING DOMAINE DE LA PIERRE RONDE";"3 étoiles";"";"Lac de Chamboux, 21210 SAINT-MARTIN-DE-LA-MER";"domainedelapierreronde@gmail.com";"+33979181307";"http://domainedelapierreronde.com";"bien noté";"";"90";"30";"Non";"";"";"";"";"";""
"CAMPING DES 2 RIVES";"3 étoiles";"";"26 Route de Toulon, 71190 ÉTANG-SUR-ARROUX";"Non trouvé";"0Non trouvé";"https://www.des2rives.com/";"bien noté";"";"240";"80";"Non";"";"";"";"";"";""
"CAMPING DU VAL DE SAINE";"3 étoiles";"";"58 Grande Rue, 39460 FONCINE-LE-HAUT";"campingfoncinelehaut@gmail.com";"+33384519276";"http://www.camping-haut-jura.com/";"bien noté";"";"150";"50";"Non";"";"";"";"";"";""
"CAMPING ET GÎTES LES BAINS";"3 étoiles";"";"15 avenue Jean Mermoz, 58360 SAINT-HONORÉ-LES-BAINS";"Non trouvé";"0Non trouvé";"https://www.campinglesbains.com/";"bien noté";"";"369";"123";"Non";"";"";"";"";"";""
"CAMPING GRAND CERF";"4 étoiles";"";"Route de Fertôt, 58470 GIMOUILLE";"grand-cerf@capfun.com";"03.86.21.09.21";"https://www.capfun.com/camping-france-bourgogne-grand_cerf-FR.html";"bien noté";"";"381";"127";"Non";"";"";"";"";"";""
"CAMPING HALTE TOURISTIQUE DE CUISERY";"3 étoiles";"";"1 Chemin du Port, 71290 CUISERY";"Non trouvé";"0Non trouvé";"http://camping-bords-de-seille.com/";"bien noté";"";"99";"33";"Erreur site";"";"";"";"";"";""
"CAMPING LES PORTES DE L'ANJOU";"3 étoiles";"";"9 rue du camping, 49430 DURTAL";"contact-camping@lesportesdelanjou.com";"+33241763180";"https://www.lesportesdelanjou.com/";"bien noté";"";"342";"114";"Non";"";"";"";"";"";""
"CAMPING DU MOULIN DE COLLONGE";"4 étoiles";"";"Moulin de Collonge, 71390 SAINT-BOIL";"camping@moulindecollonge.fr";"33385440032";"https://www.moulindecollonge.com";"bien noté";"";"213";"71";"Non";"";"";"";"";"";""
"CAMPING DU PONT DE BOURGOGNE";"3 étoiles";"";"12 rue Julien Leneveu, 71380 SAINT-MARCEL";"contact@camping-chalon.com";"+33 3 85 48 26 86";"https://www.camping-chalon.com/?lang=fr";"bien noté";"";"300";"100";"Non";"";"";"";"";"";""
"CAMPING HUTTOPIA MEURSAULT";"3 étoiles";"";"2 Route de Volnay, 21190 MEURSAULT";"Non trouvé";"03 80 21 22 48";"https://europe.huttopia.com/site/meursault/";"bien noté";"";"279";"93";"Non";"";"";"";"";"";""
"CAMPING LE PYRENÉEN";"3 étoiles";"";"7 molles, 31110 SALLES-ET-PRATVIEL";"campinglepyreneen@orange.fr";"05 61 79 59 19";"https://www.campinglepyreneen-luchon.com";"bien noté";"";"204";"68";"Non";"";"";"";"";"";""
"CAMPING LES PLAGES DE LOIRE";"3 étoiles";"";"Le patureau, 49190 ROCHEFORT-SUR-LOIRE";"contact@vacances-seasonova.com";"+33236810001";"https://vacances-seasonova.com/fr/camping/camping-les-plages-de-loire/";"bien noté";"";"348";"116";"Non";"";"";"";"";"";""
"CAMPING L'HERMITAGE DE CHEVIGNY";"3 étoiles";"";"28 impasse presqu'ile de Chevigny, 58230 MOUX-EN-MORVAN";"campinglhermitagedechevigny@gmail.com";"03 86 84 50 97";"https://campinglhermitage-dechevigny.fr/";"bien noté";"";"360";"120";"Non";"";"";"";"";"";""
"CAMPING L'ÉTANG DES FORGES";"3 étoiles";"";"4 rue Béthouart, 90000 BELFORT";"campingetangdesforges@onlycamp.fr";"+33 (0) 7 45 26 54 94";"https://www.camping-belfort.com/";"bien noté";"";"330";"110";"Non";"";"";"";"";"";""
"CAMPING LA CASCADE";"3 étoiles";"";"Avenue Aristide Briand, 89700 TONNERRE";"Non trouvé";"0Non trouvé";"https://camping.ville-tonnerre.com/fr/index.html";"bien noté";"";"200";"64";"Non";"";"";"";"";"";""
"CAMPING LES RIVES DU DOUET";"3 étoiles";"";"619 Rue Des Blanchisseries, 49700 DOUÉ-LA-FONTAINE";"contact@camping-lesrivesdudouet.fr";"+33241591447";"http://www.camping-lesrivesdudouet.fr";"bien noté";"";"297";"91";"Non";"";"";"";"";"";""
"CAMPING DU MARTINET SAINT-CLAUDE";"3 étoiles";"";"Route du Martinet, 39200 VILLARD-SAINT-SAUVEUR";"campinglemartinet@onlycamp.fr";"+33(0)6 95 26 05.03";"https://www.camping-saint-claude.fr/";"bien noté";"";"318";"93";"Non";"";"";"";"";"";""
"CAMPING NATURISTE LE DOMAINE DE LA GAGÈRE";"4 étoiles";"";"Lieu-Dit La Gagère, 58170 LUZY";"Non trouvé";"0848263600";"http://la-gagere.com";"bien noté";"";"378";"126";"Non";"";"";"";"";"";""
"CAMPING OAKI";"3 étoiles";"";"la tricherie, 85500 MESNARD-LA-BAROTIÈRE";"Non trouvé";"+3302 51 66 04 31";"https://campingoaki.com";"bien noté";"";"219";"73";"Non";"";"";"";"";"";""
"CAMPING MUNICIPAL LE PARC DU CHÂTEAU";"3 étoiles";"";"Route d'Avallon, 89440 L'ISLE-SUR-SEREIN";"camping@isle-sur-serein.fr";"03 86 33 93 50";"https://www.isle-sur-serein.fr/camping";"bien noté";"";"102";"34";"Non";"";"";"";"";"";""
"CAMPING DE L'ÉTANG DU MERLE";"3 étoiles";"";"Le Merle, 58330 CRUX-LA-VILLE";"etangdumerle@gmail.com";"0386583842";"https://www.camping-etang-du-merle.fr/";"bien noté";"";"177";"59";"Non";"";"";"";"";"";""
"CAMPING MUNICIPAL DE CHAROLLES";"3 étoiles";"";"3 route de Viry, 71120 CHAROLLES";"campingcharolles@hotmail.com";"06 13 02 07 21";"https://www.campingcharolles.fr/";"bien noté";"";"159";"53";"Non";"";"";"";"";"";""
"CAMPING LE WELCOME";"3 étoiles";"";"941 route de bel air, 44420 MESQUER";"contact@lewelcome.com";"0240425085";"https://www.lewelcome.com/";"bien noté";"";"300";"100";"Non";"";"";"";"";"";""
"CAMPING MUNICIPAL ALÉSIA";"3 étoiles";"";"15 rue du docteur Roux, 21150 VENAREY-LES-LAUMES";"Non trouvé";"0Non trouvé";"https://campingalesiavenarey.fr/";"bien noté";"";"195";"65";"Erreur site";"";"";"";"";"";""
"CAMPING MANOIR DE BEZOLLE";"4 étoiles";"";"Lieu-Dit Bezolle, 58110 SAINT-PÉREUSE";"contact@campingmanoirdebezolle.com";"33386760189";"www.campingmanoirdebezolle.com";"bien noté";"";"300";"100";"Non";"";"";"";"";"";""
"CAMPING LES ALOUETTES";"4 étoiles";"";"La Haute Fontaine, 85470 BRETIGNOLLES-SUR-MER";"contact@lesalouettes.com";"+33251229621";"https://www.lesalouettes.com/";"bien noté";"";"390";"130";"Non";"";"";"";"";"";""
"CAMPING LES GRÉSILLONS";"3 étoiles";"";"Chemin des grésillons, 49700 DOUÉ-EN-ANJOU";"contact@camping-lesgresillons.fr";"+33241000232";"http://www.camping-lesgresillons.fr";"bien noté";"";"120";"40";"Non";"";"";"";"";"";""
"CAMPING LES DEUX RIVIÈRES";"3 étoiles";"";"Lieu-dit Le Pré Bouché, 71400 LA CELLE-EN-MORVAN";"les2rivieres@camping-morvan.fr";"0Non trouvé";"http://www.camping-morvan.fr/";"bien noté";"";"144";"48";"Non";"";"";"";"";"";""
"CAMPING LE MALAGA";"3 étoiles";"";"Route des Loges, 58150 POUILLY-SUR-LOIRE";"campinglemalaga@onlycamp.fr";"0Non trouvé";"https://www.camping-pouillysurloire.fr/";"bien noté";"";"195";"65";"Non";"";"";"";"";"";""
"CAMPING LES P'TITES MAISONS DANS LA PRAIRIE";"3 étoiles";"";"110 route de beauvoir, 85300 SALLERTAINE";"contact@camping-sallertaine.com";"+33251931147";"https://www.camping-sallertaine.com/";"bien noté";"";"153";"51";"Non";"";"";"";"";"";""
"CAMPING LES OUCHES DU JAUNAY";"3 étoiles";"";"5 allée des Ouches, 85150 MARTINET";"lesouches85@communedemartinet.fr";"0251346885";"https://www.lesouches85.net/";"bien noté";"";"60";"15";"Non";"";"";"";"";"";""
"CAMPING LE FIL DE L'EAU";"3 étoiles";"";"base de loisirs de saule guillaume, 21700 PREMEAUX-PRISSEY";"contact@camping-fildeleau.com";"+3333620425476";"https://www.camping-fildeleau.com";"bien noté";"";"282";"94";"Non";"";"";"";"";"";""
"CAMPING LES PEUPLIERS DE LA RIVE";"3 étoiles";"";"70 chemin de la Rive, 85160 SAINT-JEAN-DE-MONTS";"tonnelles@clicochic.com";"02 51 59 47 47";"https://www.lespeupliersdelarive.com/";"bien noté";"";"110";"26";"Non";"";"";"";"";"";""
"CAMPING LE CUL DE LA LUNE";"3 étoiles";"";"Rue du Pont Rouge, 25500 MORTEAU";"Non trouvé";"0Non trouvé";"https://camping.morteau.org/";"bien noté";"";"114";"38";"Non";"";"";"";"";"";""
"CAMPING LE CHAPEAU CHINOIS";"3 étoiles";"";"92 ru du chapeau chinois, 70110 VILLERSEXEL";"camping@pan-sarl.eu";"+33 3 84 63 40 60";"https://campingvillersexel.com/";"bien noté";"";"273";"91";"Non";"";"";"";"";"";""
"CAMPING LE VILLAGE DE FLORINE";"3 étoiles";"";"La grouinière, 85220 COËX";"Non trouvé";"0Non trouvé";"https://www.villagedeflorine.com/";"bien noté";"";"252";"61";"Non";"";"";"";"";"";""
"CAMPING LE MIROIR";"3 étoiles";"";"25 route de la poste, 25370 LES HÔPITAUX-NEUFS";"accueil@camping-lemiroir.com";"03 81 49 10 64";"https://www.camping-lemiroir.com";"bien noté";"";"231";"77";"Non";"";"";"";"";"";""
"CAMPING LE LARMONT";"3 étoiles";"";"7 rue Edwige Feuillère, 25300 PONTARLIER";"contact@camping-pontarlier.fr";"+33 3 81 46 23 33";"www.camping-pontarlier.fr";"bien noté";"";"198";"66";"Non";"";"";"";"";"";""
"CAMPING LE SALINS LES BAINS";"3 étoiles";"";"Rue de la Gare, 39110 SALINS-LES-BAINS";"camping.lesalinslesbains@gmail.com";"07 61 14 69 01";"https://campinglesalinsles.wixsite.com/le-salins-les-bains";"bien noté";"";"138";"45";"Non";"";"";"";"";"";""
"CAMPING LE CHANET";"3 étoiles";"";"9 chemin du Chanet, 25290 ORNANS";"Non trouvé";"0Non trouvé";"https://www.lechanet.com/";"bien noté";"";"264";"88";"Non";"";"";"";"";"";""
"CAMPING LE RELAIS DES HAUTES-CÔTES";"3 étoiles";"";"6 impasse du château d'eau, 21220 CHAMBOEUF";"molinaro@camping-chamboeuf.com";"0380585013";"http://camping-chamboeuf.com";"bien noté";"";"300";"55";"Non";"";"";"";"";"";""
"CAMPING LE BOIS GUILLAUME";"4 étoiles";"";"Lieu-dit le Bois Guillaume, 89350 VILLENEUVE-LES-GENÊTS";"camping@bois-guillaume.com";"+33386454541";"https://bois-guillaume.com/";"bien noté";"";"240";"80";"Non";"";"";"";"";"";""
"CAMPING LES 3 OURS";"3 étoiles";"";"28 rue du Pont, 39380 MONTBARREY";"Non trouvé";"0384815045";"http://juracamping.fr/fr/accueil/";"bien noté";"";"270";"90";"Non";"";"";"";"";"";""
"CAMPING LE VILLAGE DES MEUNIERS";"4 étoiles";"";"344 rue du stade, 71520 DOMPIERRE-LES-ORMES";"village-meuniers@clicochic.com";"03 85 50 36 60";"https://www.villagedesmeuniers.com/fr/";"bien noté";"";"315";"105";"Non";"";"";"";"";"";""
"CAMPING LE VAL D'AMOUR";"3 étoiles";"";"1 RUE DU VAL D'AMOUR, 39380 OUNANS";"Non trouvé";"03 84 37 61 89";"http://www.levaldamour.com";"bien noté";"";"291";"97";"Non";"";"";"";"";"";""
"CAMPING LA PETITE MONTAGNE";"3 étoiles";"";"54 Avenue de Saint Claude, 39260 MOIRANS-EN-MONTAGNE";"%69%6e%66%6f@%63%61%6d%70%69%6e%67%6c%61%70%65%74%69%74%65%6d%6f%6e%74%61%67%6e%65.%63%6f%6d";"+33384423498";"https://www.campinglapetitemontagne.com/";"bien noté";"";"300";"81";"Non";"";"";"";"";"";""
"CAMPING LE HAMEAU DES CHAMPS";"3 étoiles";"";"25 route de Chalon, 71460 CORMATIN";"contact@le-hameau-des-champs.com";"+33385507671";"www.le-hameau-des-champs.com";"bien noté";"";"165";"55";"Non";"";"";"";"";"";""
"CAMPING LE BIVOUAC";"3 étoiles";"";"route de chalain, 39300 PONT-DU-NAVOY";"";"03 84 51 26 95";"http://www.camping-le-bivouac.com/";"bien noté";"";"210";"70";"Non";"";"";"";"";"";""
"CAMPING LES LOGERIES";"3 étoiles";"";"rue Louis Fruchard, 85150 VAIRÉ";"info@camping-logeries.com";"+33251337569";"http://www.camping-logeries.com";"bien noté";"";"210";"70";"Non";"";"";"";"";"";""
"CAMPING LES MANCELLIÈRES";"4 étoiles";"";"1300 route de Longeville-sur-Mer, 85440 AVRILLÉ";"Non trouvé";"+33251903597";"https://www.lesmancellieres.com/";"bien noté";"";"378";"126";"Non";"";"";"";"";"";""
"CAMPING VERT LAGON";"3 étoiles";"";"Route de Besançon, 70150 MARNAY";"Non trouvé";"0Non trouvé";"http://www.camping-vertlagon.com/";"bien noté";"";"300";"75";"Non";"";"";"";"";"";""
"CAMPING LES NOBIS";"4 étoiles";"";"Rue Georges Girouy, 49260 MONTREUIL-BELLAY";"contact@campinglesnobis.com.";"+33 2 41 52 33 66";"https://www.campinglesnobis.com/";"bien noté";"";"468";"117";"Non";"";"";"";"";"";""
"CAMPING LE TRÈFLE À 4 FEUILLES";"3 étoiles";"";"La Jouére, 85220 COMMEQUIERS";"contact@campingletrefle.com";"0620903204";"https://www.campingvendeepascher.com/";"bien noté";"";"140";"55";"Non";"";"";"";"";"";""
"CAMPING MUNICIPAL DE LA SAULAIE";"3 étoiles";"";"Quai de la Saulaie, 58400 LA CHARITÉ-SUR-LOIRE";"campinglacharitesurloire@night-day.fr";"+33685597276";"https://www.night-and-day.fr/camping/8-camping-de-la-saulaie";"bien noté";"";"300";"82";"Non";"";"";"";"";"";""
"CAMPING MUNICIPAL LA CALANQUE";"3 étoiles";"";"Lieu-Dit La Calanque, 89170 SAINT-FARGEAU";"Non trouvé";"03 86 74 04 55";"www.camping-lacalanque.fr";"bien noté";"";"300";"100";"Non";"";"";"";"";"";""
"CAMPING DE L'ÉTANG DU GOULOT";"3 étoiles";"";"2 rue des Campeurs, 58140 LORMES";"campingdugoulot@gmail.com";"0Non trouvé";"https://campingetangdugoulot.com/fr/";"bien noté";"";"350";"70";"Non";"";"";"";"";"";""
"CAMPING DE L'ARQUEBUSE";"3 étoiles";"";"D24, 21130 AUXONNE";"contact@campingarquebuse.com";"+33 (0)3 80 31 06 89";"http://www.campingarquebuse.com/";"bien noté";"";"360";"120";"Non";"";"";"";"";"";""
"CAMPING LA CLÉ DE SAÔNE";"3 étoiles";"";"Route du Port d'arciat, 71680 CRÊCHES-SUR-SAÔNE";"Non trouvé";"0Non trouvé";"http://campingduportdarciat.pagesperso-orange.fr/";"bien noté";"";"300";"100";"Erreur site";"";"";"";"";"";""
"CAMPING LA COLOMBIÈRE";"3 étoiles";"";"3 chemin de La Colombière, 70140 PESMES";"Non trouvé";"0Non trouvé";"https://www.camping-pesmes.fr/";"bien noté";"";"168";"43";"Non";"";"";"";"";"";""
"CAMPING LA VERTONNE";"3 étoiles";"";"575 route de poiroux, 85440 GROSBREUIL";"Non trouvé";"0Non trouvé";"https://www.camping-la-vertonne.com/";"bien noté";"";"243";"81";"Non";"";"";"";"";"";""
"CAMPING LA JONQUILLE";"3 étoiles";"";"6 rue des Jonquilles, 70210 HURECOURT";"info@camping-la-jonquille.eu";"+33 6 6575 6431";"http://www.camping-la-jonquille.eu/FR/";"bien noté";"";"75";"25";"Non";"";"";"";"";"";""
"CAMPING LES PROMENADES";"3 étoiles";"";"4 rue des Promenades, 25440 QUINGEY";"contact@lespromenades.camp";"0Non trouvé";"https://www.lespromenades.camp";"bien noté";"";"200";"65";"Non";"";"";"";"";"";""
"CAMPING LES PREMIÈRES VIGNES";"3 étoiles";"";"Route de Bouilland, 21420 SAVIGNY-LÈS-BEAUNE";"campinglespremieresvignes@onlycamp.fr";"+33(0)7 81 34 09 87";"https://camping-les-premieres-vignes.fr/";"bien noté";"";"258";"86";"Non";"";"";"";"";"";""
"CAMPING LES PORTES DU MORVAN";"4 étoiles";"";"32 Route De Grury, 71760 ISSY-L'ÉVÊQUE";"rosenastif@orange.fr";"06 38 33 51 47";"https://www.camping-lesportesdumorvan.com";"bien noté";"";"216";"72";"Non";"";"";"";"";"";""
"CAMPING LES CHALANDS FLEURIS";"4 étoiles";"";"24 rue du Stade, 44117 SAINT-ANDRÉ-DES-EAUX";"Non trouvé";"0Non trouvé";"https://www.olela.fr/camping-les-chalands-fleuris";"bien noté";"";"348";"116";"Non";"";"";"";"";"";""
"CAMPING LES PLATANES";"3 étoiles";"";"41 route de la Mothe, 89120 CHARNY";"Non trouvé";"03 86 91 83 60";"https://www.campinglesplatanes.fr/";"bien noté";"";"201";"67";"Non";"";"";"";"";"";""
"CAMPING LES CHARMES";"4 étoiles";"";"1 Les Lilas, 85220 APREMONT";"";"02 28 17 67 77";"https://www.campinglescharmes.com/";"bien noté";"";"402";"134";"Non";"";"";"";"";"";""
"CAMPING LES MÉSANGES";"3 étoiles";"";"Lac des Settons, 58230 MONTSAUCHE-LES-SETTONS";"Non trouvé";"0Non trouvé";"https://www.campinglesmesanges.fr/";"bien noté";"";"306";"102";"Non";"";"";"";"";"";""
"CAMPING LES MÉRILLES";"3 étoiles";"";"215 rue des 3 lacs, 39130 DOUCIER";"Non trouvé";"+33384257306";"https://www.campingjura.com/";"bien noté";"";"300";"100";"Non";"";"";"";"";"";""
"CAMPING LES JOUMIERS";"3 étoiles";"";"Lieu-dit les Joumiers, 89520 SAINT-SAUVEUR-EN-PUISAYE";"Non trouvé";"+33386742731";"https://camping-joumiers.com/";"bien noté";"";"450";"100";"Non";"";"";"";"";"";""
"CAMPING LES HERLEQUINS";"3 étoiles";"";"7 chemin de la Plage, 21170 SAINT-USAGE";"camping.les.herlequins@gmail.com";"03 80 39 22 26";"https://www.campinglesherlequins.fr/";"bien noté";"";"250";"65";"Non";"";"";"";"";"";""
"CAMPING LES GENÊTS DU MORVAN";"3 étoiles";"";"2 route des genêts, 58230 OUROUX-EN-MORVAN";"camping.ouroux@orange.fr";"330606468013";"http://www.camping-genets-morvan.com/";"bien noté";"";"150";"50";"Non";"";"";"";"";"";""
"CAMPING MUNICIPAL LE CHAMP DE MARS";"3 étoiles";"";"8 rue du camping, 39150 SAINT-LAURENT-EN-GRANDVAUX";"champmars.camping@orange.fr";"+33.384601930";"https://www.camping-saint-laurent-jura.fr/index.php/fr/";"bien noté";"";"399";"117";"Non";"";"";"";"";"";""
"CAMPING LE SOUS BOIS";"3 étoiles";"";"la haute saligotière, 85560 LONGEVILLE-SUR-MER";"lesousbois85@gmail.com";"0251333690";"http://www.lesousbois85.com/";"bien noté";"";"405";"135";"Non";"";"";"";"";"";""
"CAMPING MUNICIPAL LES CONFLUENTS";"3 étoiles";"";"allée Léo Lagrange, 89400 MIGENNES";"campingmigennes@night-day.fr";"+33685597294";"https://www.night-and-day.fr/camping/28-camping-les-confluents";"bien noté";"";"177";"59";"Non";"";"";"";"";"";""
"CAMPING MUNICIPAL LES COULLEMIÈRES";"3 étoiles";"";"Rue de l’Hôtel de Ville, 89270 VERMENTON";"contact@camping-vermenton.com";"0386815302";"http://www.camping-vermenton.com/";"bien noté";"";"165";"55";"Non";"";"";"";"";"";""
"CAMPING MUNICIPAL LES FEUILLES";"3 étoiles";"";"18 rue du Châtillon, 71170 CHAUFFAILLES";"Non trouvé";"06 71 00 38 33";"https://www.campinglesfeuilles.fr";"bien noté";"";"195";"65";"Non";"";"";"";"";"";""
"CAMPING MUNICIPAL LES TREILLES";"3 étoiles";"";"Rue Michel Servet, 21500 MONTBARD";"Non trouvé";"0Non trouvé";"https://www.campingmontbard.fr/452184049";"bien noté";"";"320";"80";"Erreur site";"";"";"";"";"";""
"CAMPING DE LA CHEVRETTE";"3 étoiles";"";"41 rue de la chevrette, 71160 DIGOIN";"campingdigoin@night-day.fr";"+33358365109";"https://www.night-and-day.fr/camping/4-camping-la-chevrette";"bien noté";"";"243";"81";"Non";"";"";"";"";"";""
"CAMPING LES ALIZÉS";"4 étoiles";"";"Les Becs, 85270 SAINT-HILAIRE-DE-RIEZ";"contact@campingalizes.com";"0228114290";"http://www.campingalizes.com";"bien noté";"";"441";"147";"Non";"";"";"";"";"";""
"CAMPING LES BRUYÈRES";"3 étoiles";"";"9 route de Gibles, 71800 LA CLAYETTE";"contact@campingbruyeres.fr";"33385280915";"https://campingbruyeres.com/";"bien noté";"";"252";"84";"Non";"";"";"";"";"";""
"CAMPING LES ÉTANGS DE SAINT-PANCRAS";"4 étoiles";"";"Fond Bramvaux, 70210 BETONCOURT-SAINT-PANCRAS";"lesetangsdesaintpancras@gmail.com";"+33 6 12 59 19 21";"http://www.lesetangsdesaintpancras.fr/";"bien noté";"";"90";"30";"Non";"";"";"";"";"";""
"CAMPING LES CERISELLES";"4 étoiles";"";"Route de Vincelottes, 89290 VINCELLES";"campingvincelles@night-day.fr";"+33386425047";"https://www.night-and-day.fr/camping/29-camping-les-ceriselles";"bien noté";"";"285";"95";"Non";"";"";"";"";"";""
"CAMPING LES CHANTERNES";"3 étoiles";"";"119 ALLEE DES LOISIRS, 58320 POUGUES-LES-EAUX";"Non trouvé";"0Non trouvé";"https://www.night-and-day.fr/camping/24-camping-des-chanternes";"bien noté";"";"156";"52";"Non";"";"";"";"";"";""
"CAMPING LES CHAUMES DU MONT";"3 étoiles";"";"1 route de Couches, 21340 NOLAY";"campingleschaumesdumont@onlycamp.fr";"0Non trouvé";"https://www.camping-de-nolay.fr/";"bien noté";"";"200";"40";"Non";"";"";"";"";"";""
"CAMPING LA FAZ";"3 étoiles";"";"4 Pont de Vaux, 39270 ÉCRILLE";"campinglafaz@gmail.com";"33384254027";"https://www.jura-camping-lafaz.com/";"bien noté";"";"390";"130";"Non";"";"";"";"";"";""
"CAMPING LONGUE RIVE";"3 étoiles";"";"Rue de la plage, 70100 GRAY";"Non trouvé";"0Non trouvé";"https://www.camping-gray.fr/";"bien noté";"";"216";"72";"Non";"";"";"";"";"";""
"CAMPING LA SALINE LES BORDS DE LOUE";"3 étoiles";"";"18 rue des graduations, 25610 ARC-ET-SENANS";"campinglasaline@gmail.com";"33684820500";"https://www.campinglasaline.fr";"bien noté";"";"102";"34";"Non";"";"";"";"";"";""
"CAMPING  LE MOULIN JACQUOT";"3 étoiles";"";"Route de Bazarnes, 89460 DEUX RIVIÈRES";"Non trouvé";"+33616441771";"http://campingmoulinjacquot.fr/";"bien noté";"";"114";"38";"Non";"";"";"";"";"";""
"CAMPING LE DOMAINE DE L'OISELIÈRE";"4 étoiles";"";"L'Oiselière, 85140 CHAUCHÉ";"contact@loiseliere.com";"0Non trouvé";"https://www.loiseliere.com/camping/";"bien noté";"";"207";"69";"Non";"";"";"";"";"";""
"CAMPING DOMAINE DE SARRAUTE";"3 étoiles";"";"Sarraute, 32460 LE HOUGA";"Non trouvé";"0Non trouvé";"http://www.domainedesarraute.fr/";"bien noté";"";"111";"37";"Non";"";"";"";"";"";""
"CAMPING DOMAINE DU KOUKANO";"4 étoiles";"";"290 RUE COMBE RAMOND, 81470 MAURENS-SCOPONT";"domainedukoukano@gmail.com";"0563587760";"www.koukano.fr";"bien noté";"";"336";"112";"Non";"";"";"";"";"";""
"CAMPING DOMAINE DU PAS DEL FANG";"4 étoiles";"";"39 avenue Frederic Mistral, 66470 SAINTE-MARIE-LA-MER";"reception.pasdelfang@gmail.com";"0783586023";"https://occitania.parc.center/";"bien noté";"";"339";"113";"Non";"";"";"";"";"";""
"CAMPING DOMAINE LE CASTAGNÉ";"3 étoiles";"";"910 chemin de naréoux, 32000 AUCH";"lecastagne@wanadoo.fr";"05 62 63 32 56";"https://www.domainelecastagne.com/";"bien noté";"";"36";"12";"Non";"";"";"";"";"";""
"CAMPING DU RIUFERRER";"3 étoiles";"";"572 Lieu Dit Can LLarg, 66150 ARLES-SUR-TECH";"campingriuferrer@gmail.com";"0Non trouvé";"campingriuferrer.com";"bien noté";"";"426";"142";"Non";"";"";"";"";"";""
"CAMPING DU PORT";"3 étoiles";"";"Le port, 46600 CREYSSE";"contact@campingduport.com";"05 65 32 20 82";"http://www.campingduport.com";"bien noté";"";"300";"100";"Non";"";"";"";"";"";""
"CAMPING DU PONT DE BRAYE";"3 étoiles";"";"Le Pont de Braye, 48300 CHASTANIER";"accueil@camping-lozere-naussac.fr";"0466695304";"http://www.camping-lozere-naussac.fr";"bien noté";"";"105";"35";"Non";"";"";"";"";"";""
"CAMPING DE LA BONNETTE";"3 étoiles";"";"672 Route de la Bonnette, 82160 CAYLUS";"info@campingbonnette.com";"06 07 34 61 99";"http://campingbonnette.com/";"bien noté";"";"171";"57";"Non";"";"";"";"";"";""
"CAMPING DU PONT";"3 étoiles";"";"730 boulevard du moulin, 34150 GIGNAC";"Non trouvé";"0Non trouvé";"https://www.campingdupont.com";"bien noté";"";"114";"38";"Non";"";"";"";"";"";""
"CAMPING DU LAVEDAN";"4 étoiles";"";"44 route des Vallées, 65400 LAU-BALAGNAS";"%63%6f%6e%74%61%63%74@%6c%61%76%65%64%61%6e.%63%6f%6d";"+33562971884";"https://www.lavedan.com/";"bien noté";"";"294";"98";"Non";"";"";"";"";"";""
"CAMPING DU LAC MERCUS";"4 étoiles";"";"1 promenade du Camping, 9400 MERCUS-GARRABET";"info@campingdulacmercus.com";"05%2061%2005%2090%2061";"https://www.campingdulacmercus.com/";"bien noté";"";"171";"57";"Non";"";"";"";"";"";""
"CAMPING DU LAC FONTCLAIRE";"3 étoiles";"";"Route de l'Escale Campsadourny, 11230 PUIVERT";"campingdulacfontclaire@gmail.com";"0789838000";"http://www.campings11.fr/";"bien noté";"";"168";"56";"Non";"";"";"";"";"";""
"CAMPING DU LAC DE BONNEFON";"3 étoiles";"";"Bonnefon, 12800 NAUCELLE";"info@camping-du-lac-de-bonnefon.com";"05 65 69 33 20";"https://www.camping-du-lac-de-bonnefon.com/";"bien noté";"";"327";"109";"Non";"";"";"";"";"";""
"CAMPING DU LAC";"4 étoiles";"";"29 Camin d'Azun, 65400 ARCIZANS-AVANT";"campinglac@campinglac65.fr";"06 87 39 31 47";"https://www.camping-du-lac-pyrenees.com/";"bien noté";"";"270";"90";"Non";"";"";"";"";"";""
"CAMPING DU LAC";"3 étoiles";"";"Lieu-dit Bezine, 32230 MARCIAC";"info@camping-marciac.com";"0Non trouvé";"https://www.camping-marciac.com/fr/";"bien noté";"";"303";"101";"Non";"";"";"";"";"";""
"CAMPING DU LAC";"4 étoiles";"";"Quartier Labarre, 9000 FOIX";"mail@mail.com";"0";"https://www.vap-camping.fr/camping-foix";"bien noté";"";"405";"135";"Non";"";"";"";"";"";""
"CAMPING DU PLAN D'EAU";"3 étoiles";"";"2, impasse du Plan d'eau, 31310 RIEUX-VOLVESTRE";"contact@camping-rieux.eu";"0561972459";"https://www.camping-rieux.eu/fr";"bien noté";"";"174";"58";"Non";"";"";"";"";"";""
"CAMPING DU LAC";"3 étoiles";"";"Lieu-Dit les granges, 46130 LAVAL-DE-CÈRE";"Non trouvé";"0Non trouvé";"http://www.camping-du-lac-lot-dordogne.fr/";"bien noté";"";"114";"38";"Non";"";"";"";"";"";""
"CAMPING DE LA CASCADE";"4 étoiles";"";"route du Pont, 12490 SAINT-ROME-DE-TARN";"contact@camping-cascade-aveyron.com";"+33565625659";"http://camping-cascade-aveyron.com";"bien noté";"";"291";"97";"Non";"";"";"";"";"";""
"CAMPING DE LA GARE";"3 étoiles";"";"Route d'Espagne, 66760 UR";"contact@camping-cerdagne.com";"04 68 04 80 95";"http://www.camping-cerdagne.com";"bien noté";"";"252";"84";"Non";"";"";"";"";"";""
"CAMPING DES BERGES DU GERS";"3 étoiles";"";"Route de Simore, 32140 MASSEUBE";"camping@berges-du-gers.fr";"0562660175";"http://www.berges-du-gers.fr";"bien noté";"";"399";"133";"Non";"";"";"";"";"";""
"CAMPING DES ARCADES";"3 étoiles";"";"Le Moulin de Saint Martial, 46800 SAINT-PANTALÉON";"Non trouvé";"0Non trouvé";"https://www.des-arcades.com/fr/";"bien noté";"";"234";"78";"Non";"";"";"";"";"";""
"CAMPING DEL RON";"3 étoiles";"";"Blajoux, 48320 QUÉZAC";"Non trouvé";"0Non trouvé";"https://www.camping-delron.com/";"bien noté";"";"257";"60";"Non";"";"";"";"";"";""
"CAMPING DEL BOSC";"4 étoiles";"";"72 boulevard Clémenceau, 66820 VERNET-LES-BAINS";"%63%6f%6e%74%61%63%74@%63%61%6d%70%69%6e%67-%64%65%6c-%62%6f%73%63.%63%6f%6d";"+33468055454";"https://www.camping-del-bosc.com/";"bien noté";"";"270";"90";"Non";"";"";"";"";"";""
"CAMPING DE TAUTAVEL";"3 étoiles";"";"9011 route d'Estagel, 66720 TAUTAVEL";"contact@lecampingdetautavel.fr";"0Non trouvé";"https://www.lecampingdetautavel.fr/";"bien noté";"";"69";"23";"Non";"";"";"";"";"";""
"CAMPING DE MÉRENS-LES-VALS";"3 étoiles";"";"Ville de Bau, 9110 MÉRENS-LES-VALS";"contact@mairie-merenslesvals.fr";"06 70 73 68 99";"https://www.campingmerenslesvals.fr/";"bien noté";"";"213";"71";"Non";"";"";"";"";"";""
"CAMPING DE L'EGLANTIÈRE";"3 étoiles";"";"Hameau d'Espénan, 65230 ARIES-ESPÉNAN";"infos@leglantiere.com";"+33562398800";"http://www.leglantiere.com";"bien noté";"";"360";"120";"Non";"";"";"";"";"";""
"CAMPING DE LA FORÊT";"4 étoiles";"";"Route de la forêt, 65100 LOURDES";"Non trouvé";"0Non trouvé";"https://camping-hautes-pyrenees.com/";"bien noté";"";"294";"98";"Non";"";"";"";"";"";""
"CAMPING DE MONTOLIEU";"3 étoiles";"";"775 route de Carcassonne, 11170 MONTOLIEU";"campingdemontolieu@gmail.com";"+33468769501";"https://www.campingdemontolieu.com/";"bien noté";"";"150";"50";"Non";"";"";"";"";"";""
"CAMPING DE LA VALLÉE";"3 étoiles";"";"route de maureillas, 66490 SAINT-JEAN-PLA-DE-CORTS";"campingdelavallee@yahoo.fr";"+33468832320";"http://www.campingdelavallee.com";"bien noté";"";"297";"99";"Non";"";"";"";"";"";""
"CAMPING DE LA TRUFFIÈRE";"3 étoiles";"";"Lieu dit Pradines, 46330 SAINT-CIRQ-LAPOPIE";"Non trouvé";"05 65 30 20 22";"https://www.camping-truffiere.com/fr";"bien noté";"";"327";"109";"Non";"";"";"";"";"";""
"CAMPING DE LA SOLE";"4 étoiles";"";"La Sole, 46130 PUYBRUN";"contact@campinglasole.com";"+33565385237";"http://www.la-sole.com";"bien noté";"";"222";"74";"Non";"";"";"";"";"";""
"CAMPING DE LA RIGOLE";"4 étoiles";"";"4 route du barrage, 81540 LES CAMMAZES";"contact@campingdelarigole.com";"+33.563.732.899";"https://www.campingdelarigole.com/";"bien noté";"";"192";"64";"Non";"";"";"";"";"";""
"CAMPING DE LA RETENUE DE PARELOUP";"3 étoiles";"";"barrage de pareloup, 12290 CANET-DE-SALARS";"Non trouvé";"0Non trouvé";"http://campingdelaretenue.free.fr";"bien noté";"";"174";"58";"Non";"";"";"";"";"";""
"CAMPING DE LA PLAGE";"4 étoiles";"";"porte roques, 46330 SAINT-CIRQ-LAPOPIE";"camping.lapopie@gmail.com";"05.65.30.29.51";"http://www.campingplage.com";"bien noté";"";"360";"120";"Non";"";"";"";"";"";""
"CAMPING DE LA PISCINE";"3 étoiles";"";"route de Ganigal, 48140 LE MALZIEU-VILLE";"Non trouvé";"0Non trouvé";"http://lemalzieu-camping-gevaudan.fr";"bien noté";"";"186";"62";"Non";"";"";"";"";"";""
"CAMPING DE LARBEY";"4 étoiles";"";"2 route de Cauterets, 65260 PIERREFITTE-NESTALAS";"campinglarbey@gmail.com";"05 62 92 74 61";"https://www.camping-de-larbey.com/";"bien noté";"";"141";"47";"Non";"";"";"";"";"";""
"CAMPING DU LAC";"3 étoiles";"";"24 route des Carriolettes, 66210 MATEMALE";"camping-lac-matemale@orange.fr";"0468309449";"http://www.camping-lac-matemale.com/";"bien noté";"";"357";"119";"Non";"";"";"";"";"";""
"CAMPING DU LAC";"3 étoiles";"";"Rue Jean Moulin, 82130 LAFRANÇAISE";"Non trouvé";"0Non trouvé";"http://www.campings82.fr";"bien noté";"";"123";"41";"Erreur site";"";"";"";"";"";""
"CAMPING DU FAILLAL";"3 étoiles";"";"45 route du Faillal, 82270 MONTPEZAT-DE-QUERCY";"campingdufaillal@gmail.com";"05 63 02 07 08";"https://www.parcdufaillal.com/fr";"bien noté";"";"135";"45";"Non";"";"";"";"";"";""
"CAMPING AUX 4 VUES";"3 étoiles";"";"2190 route de Lasbordes, 11400 SAINT-PAPOUL";"Non trouvé";"0Non trouvé";"www.campingauxquatrevues.fr";"bien noté";"";"300";"75";"Non";"";"";"";"";"";""
"CAMPING AU FLAMENCO";"3 étoiles";"";"route de taxo à la mer, 66700 ARGELÈS-SUR-MER";"auflamenco@vagues-oceanes.com";"0468813316";"http://www.auflamenco.com";"bien noté";"";"318";"106";"Non";"";"";"";"";"";""
"CAMPING AU FIL DE L'OÔ";"3 étoiles";"";"37 avenue de Vénasque, 31110 BAGNÈRES-DE-LUCHON";"contact@campingaufildeloo.com";"+33561793074";"https://www.campingaufildeloo.com";"bien noté";"";"299";"98";"Non";"";"";"";"";"";""
"CAMPING ASCOU LA FORGE";"3 étoiles";"";"Ascou la Forge, 9110 ASCOU";"Non trouvé";"0Non trouvé";"https://www.ascou-la-forge.fr/";"bien noté";"";"177";"59";"Non";"";"";"";"";"";""
"CAMPING ARIÈGE ÉVASION";"3 étoiles";"";"2 chemin de Fontanet, 9400 ORNOLAC-USSAT-LES-BAINS";"contact@ariege-evasion.com";"+33561051111";"www.ariege-evasion.com";"bien noté";"";"216";"72";"Non";"";"";"";"";"";""
"CAMPING ARIÈGE LA ROUCATEILLE";"3 étoiles";"";"15 rue du Pradal, 9330 MONTGAILLARD";"info@roucateille.com";"0561640592";"http://www.camping-roucateille.com";"bien noté";"";"213";"71";"Non";"";"";"";"";"";""
"CAMPING ALTÉA";"3 étoiles";"";"1 Route des Aresquiers, 34110 VIC-LA-GARDIOLE";"Non trouvé";"0Non trouvé";"http://www.alteacamping.com";"bien noté";"";"348";"116";"Erreur site";"";"";"";"";"";""
"CAMPING AUX LODGES DU MAS DE NADAL";"3 étoiles";"";"Mas de Nadal, 46330 SAULIAC-SUR-CÉLÉ";"lodges@masdenadal.com";"05 65 31 20 51";"https://masdenadal.com/";"bien noté";"";"123";"42";"Non";"";"";"";"";"";""
"CAMPING ALBIRONDACK PARK LODGE & SPA";"4 étoiles";"";"31 allée de la Piscine, 81000 ALBI";"info@yourdomain.com%20";"+99(0)1010000888";"https://www.albirondack.fr/";"bien noté";"";"249";"83";"Non";"";"";"";"";"";""
"CAMPING AIROTEL PYRÉNÉES";"4 étoiles";"";"46 avenue du Barège, 65120 ESQUIÈZE-SÈRE";"%63%6f%6e%74%61%63%74@%61%69%72%6f%74%65%6c-%70%79%72%65%6e%65%65%73.%63%6f%6d";"+33562928918";"https://www.airotel-pyrenees.com/";"bien noté";"";"405";"135";"Non";"";"";"";"";"";""
"CAMPING A L'OMBRE DES TILLEULS";"4 étoiles";"";"31 route de pau, 65270 PEYROUSE";"Non trouvé";"05 62 41 81 54";"https://www.ombredestilleuls.com/fr/";"bien noté";"";"330";"110";"Non";"";"";"";"";"";""
"CAMPING  LA PÉPINIÈRE";"3 étoiles";"";"3 route du Grau, 34300 AGDE";"reception@campinglapepiniere.com";"+33467941094";"https://www.campinglapepiniere.com/";"bien noté";"";"315";"105";"Non";"";"";"";"";"";""
"SLOW VILLAGE LES PONTS DE CÉ";"3 étoiles";"";"Avenue de la boire-salée, 49130 LES PONTS-DE-CÉ";"lespontsdece@slow-village.com";"+33 (0)2 85 35 97 47";"https://www.slow-village.fr/loire-vallee/";"bien noté";"";"327";"109";"Non";"";"";"";"";"";""
"RESORT & CAMPING - VAL DE BRAYE";"4 étoiles";"";"25 rue du Val de Braye, 72310 BESSÉ-SUR-BRAYE";"info@campingbraye.com";"+33243637235";"www.campingbraye.com";"bien noté";"";"228";"76";"Non";"";"";"";"";"";""
"CAMPING Ô P'TIT MARAIS";"3 étoiles";"";"Drapelle, 85770 VIX";"camping@optitmarais.fr";"0228139689";"https://www.optitmarais.fr/";"bien noté";"";"125";"27";"Non";"";"";"";"";"";""
"CAMPING VOILES D'ANJOU";"4 étoiles";"";"6 rue Sainte Baudruche, 49350 LES ROSIERS-SUR-LOIRE";"info@yellohvillage-voiles-anjou.com";"+33241519433";"https://www.camping-voilesdanjou.com/fr/";"bien noté";"";"400";"106";"Non";"";"";"";"";"";""
"CAMPING DE L'ARGENTÉ - ONLYCAMP";"3 étoiles";"";"CHEMIN DE L'ARGENTÉ, 32100 CONDOM";"campingdelargente@onlycamp.fr";"+33(0) 7 69 48 64 80";"https://camping-condom.fr/";"bien noté";"";"468";"78";"Non";"";"";"";"";"";""
"CAMPING AUX MÊMES";"3 étoiles";"";"lieu-dit Aux Mêmes, 32140 BELLEGARDE";"Non trouvé";"0Non trouvé";"www.gascogne-camping.fr";"bien noté";"";"60";"20";"Non";"";"";"";"";"";""
"CAMPING AZUN NATURE";"4 étoiles";"";"1 route des Poueyes, 65400 AUCUN";"a%7aun%2ena%74%75%72%65@%6fr%61n%67%65%2ef%72";"+33562974505";"https://www.camping-azun-nature.com/";"bien noté";"";"200";"50";"Non";"";"";"";"";"";""
"CAMPING BASE DE LOISIRS LA FORÊT";"3 étoiles";"";"Le Bourg, 81330 SAINT-PIERRE-DE-TRIVISY";"contact@sidobretourisme.fr";"0Non trouvé";"https://tourismestpierrede.wixsite.com/campinglaforet";"bien noté";"";"180";"45";"Non";"";"";"";"";"";""
"CAMPING DU DOMAINE DU SURGIÉ";"3 étoiles";"";"Domaine du Surgié, 46100 FIGEAC";"Non trouvé";"+33565340625";"https://www.domainedusurgie.com/";"bien noté";"";"400";"113";"Non";"";"";"";"";"";""
"CAMPING DU DOMAINE D'ANGLAS";"5 étoiles";"";"Domaine d'Anglas, 34190 BRISSAC";"Non trouvé";"+33467737018";"https://www.camping-anglas.com";"bien noté";"";"300";"100";"Non";"";"";"";"";"";""
"CAMPING DU CHÊNE VERT";"4 étoiles";"";"travers du rieutort, 81140 CASTELNAU-DE-MONTMIRAL";"contact@campingduchenevert.com";"0Non trouvé";"http://www.campingduchenevert.com";"bien noté";"";"300";"100";"Non";"";"";"";"";"";""
"CAMPING DU CAP BLANC";"3 étoiles";"";"Chemin du Grau, 11370 LEUCATE";"capblanc1@hotmail.fr";"0468935786";"http://www.camping-capblanc.com";"bien noté";"";"44";"11";"Non";"";"";"";"";"";""
"CAMPING DOMAINE SAINT MARTIN";"4 étoiles";"";"6 boulevard de la Cascade, 66820 CASTEIL";"Non trouvé";"33468303487";"https://domainesaintmartin.com/";"bien noté";"";"195";"65";"Non";"";"";"";"";"";""
"CAMPING DOMAINE PAPILLON";"3 étoiles";"";"Bouldoire, 46320 REYREVIGNES";"%20info@domaine-papillon.com";"0672178621";"http://www.domaine-papillon.com";"bien noté";"";"114";"38";"Non";"";"";"";"";"";""
"CAMPING DOMAINE LES CLOTS";"3 étoiles";"";"Lieu-Dit les Clots, 81190 MIRANDOL-BOURGNOUNAC";"domainelesclots@orange.fr";"+33563807215";"http://www.domainelesclots.com";"bien noté";"";"108";"27";"Non";"";"";"";"";"";""
"CAMPING DOMAINE LE VERNIS";"3 étoiles";"";"Lieu-Dit Le Vernis, 34210 AZILLANET";"Non trouvé";"+33468911322";"https://www.campingdomainelevernis.fr/";"bien noté";"";"225";"73";"Non";"";"";"";"";"";""
"CAMPING DOMAINE LE MOULIN NEUF";"3 étoiles";"";"chemin le moulin neuf, 30700 SAINT-QUENTIN-LA-POTERIE";"Non trouvé";"0Non trouvé";"http://www.le-moulin-neuf.fr/";"bien noté";"";"405";"135";"Non";"";"";"";"";"";""
"CAMPING DOMAINE LE CLOS DES CAPITELLES";"5 étoiles";"";"1030 route du Mas, 30430 SAINT-PRIVAT-DE-CHAMPCLOS";"Non trouvé";"0Non trouvé";"https://www.campingclosdescapitelles.com";"bien noté";"";"264";"88";"Non";"";"";"";"";"";""
"CAMPING DOMAINE LE CERDAN";"3 étoiles";"";"11 route d'estavar, 66800 SAILLAGOUSE";"Non trouvé";"0Non trouvé";"http://www.lecerdan.com";"bien noté";"";"363";"121";"Non";"";"";"";"";"";""
"CAMPING DE LA BESSE";"4 étoiles";"";"Domaine de la Besse, 9500 CAMON";"contact@camping-labesse.com";"+33561688463";"https://camping-labesse.com/";"bien noté";"";"282";"94";"Non";"";"";"";"";"";""
"CAMPING DE L'ARROS";"3 étoiles";"";"allée des ormeaux, 32160 PLAISANCE";"Non trouvé";"05 62 69 30 28";"http://www.campingdelarros.com/";"bien noté";"";"162";"54";"Non";"";"";"";"";"";""
"CAMPING DU TOLERME";"3 étoiles";"";"les landes, 46210 SÉNAILLAC-LATRONQUIÈRE";"Non trouvé";"0170159000";"http://camping-du-tolerme.com";"bien noté";"";"111";"37";"Non";"";"";"";"";"";""
"CAMPING ALMA";"3 étoiles";"";"Plage de l'Olla, 66190 COLLIOURE";"Non trouvé";"0Non trouvé";"https://www.almacollioure.com/";"bien noté";"";"120";"39";"Erreur site";"";"";"";"";"";""
"CAMPING BEACH FARRET / LES TAMARIS";"4 étoiles";"";"Chemin des Rosses, 34450 VIAS";"info@farret.com";"+33467216445";"https://www.camping-farret.com/fr/";"bien noté";"";"222";"74";"Non";"";"";"";"";"";""
"CAMPING BASE NAUTIQUE FLOIRAS";"3 étoiles";"";"Clau de Floiras, 46140 ANGLARS-JUILLAC";"Non trouvé";"0Non trouvé";"https://www.campingfloiras.com/";"bien noté";"";"100";"25";"Non";"";"";"";"";"";""
"CAMPING DES CÈPES";"3 étoiles";"";"Lieu-Dit Les Bouldouires, 34330 LA SALVETAT-SUR-AGOUT";"Non trouvé";"0Non trouvé";"https://www.camping-des-cepes.com";"bien noté";"";"126";"42";"Non";"";"";"";"";"";""
"CAMPING VILLAGE VACANCES ET PÊCHE";"3 étoiles";"";"Les haies, 53170 VILLIERS-CHARLEMAGNE";"Non trouvé";"0Non trouvé";"http://www.vacancesetpeche.fr/le-camping/";"bien noté";"";"60";"20";"Non";"";"";"";"";"";""
"CAMPING DES DEUX RIVIÈRES";"3 étoiles";"";"61 avenue de l'Aigoual, 12100 MILLAU";"contact@camping2rivieresmillau.fr";"05 65 60 00 27";"https://www.camping2rivieresmillau.fr/fr-fr/";"bien noté";"";"198";"66";"Non";"";"";"";"";"";""
"CAMPING DES ÉTANGS";"3 étoiles";"";"2315 route d'Angeville, 82100 GARGANVILLAR";"camping-des-etangs@orange.fr";"33563290228";"https://www.camping-des-etangs.com/";"bien noté";"";"320";"88";"Non";"";"";"";"";"";""
"CAMPING LES PEUPLIERS";"3 étoiles";"";"7 promenade de l'ancien stade, 34440 COLOMBIERS";"contact@camping-colombiers.com";"+33467370526";"http://camping-colombiers.com";"bien noté";"";"165";"55";"Non";"";"";"";"";"";""
"CAMPING LES OSIERS";"3 étoiles";"";"La Chadenède, 48210 MONTBRUN";"s.monteils@free.fr";"09 50 41 47 96";"http://camping.gite.lozere.free.fr/";"bien noté";"";"474";"79";"Non";"";"";"";"";"";""
"CAMPING LES OLIVIERS";"3 étoiles";"";"route d'argelès, 66160 LE BOULOU";"contact@camping-lesoliviers.com";"0468831286";"http://www.camping-lesoliviers.com";"bien noté";"";"198";"66";"Non";"";"";"";"";"";""
"CAMPING LES MÉLIAS";"3 étoiles";"";"Chemin des Aires, 34320 FOS";"camping-lesmelias@hotmail.com";"0467329196";"http://www.camping-lesmelias.com/";"bien noté";"";"147";"49";"Non";"";"";"";"";"";""
"CAMPING MUNICIPAL LES FAYSSES";"3 étoiles";"";"Les Faysses, 12110 CRANSAC";"camping@cransac-les-thermes.fr";"05 65 63 05 95";"https://www.campingcransaclesthermes.fr/";"bien noté";"";"141";"47";"Non";"";"";"";"";"";""
"CAMPING LES MYRTILLES";"3 étoiles";"";"2 chemin de latribune, 31110 MOUSTAJON";"myrtilles.moustajon@orange.fr";"33561798989";"https://www.camping-myrtilles-luchon.com/";"bien noté";"";"400";"100";"Non";"";"";"";"";"";""
"CAMPING LES MONTS D'ALBI";"3 étoiles";"";"29 rue du Baron de Solignac, 81120 TEILLET";"contact@camping-les-monts-d-albi.com";"0563795413";"https://camping-les-monts-d-albi.com/";"bien noté";"";"195";"65";"Non";"";"";"";"";"";""
"CAMPING LES PEUPLIERS";"3 étoiles";"";"avenue du Général de Gaulle, 66700 ARGELÈS-SUR-MER";"contact@camping-peupliers.com";"02 31 24 05 07";"https://www.camping-peupliers.fr/";"bien noté";"";"300";"100";"Non";"";"";"";"";"";""
"CAMPING LES MIJEANNES";"4 étoiles";"";"Route de Ferriès, 9120 RIEUX-DE-PELLEPORT";"accueil-lesmijeannes@orange.fr";"0561608223";"https://www.camping-les-mijeannes.fr/";"bien noté";"";"429";"143";"Non";"";"";"";"";"";""
"CAMPING LES LODGES DU LAGON";"3 étoiles";"";"210 route d'aigues Vives, 30420 CALVISSON";"Non trouvé";"0Non trouvé";"leslodgesdulagon.com";"bien noté";"";"96";"32";"Non";"";"";"";"";"";""
"CAMPING LES LACS D'ARMAGNAC";"4 étoiles";"";"Le Gardera Départementale 264, 32800 BRETAGNE-D'ARMAGNAC";"Non trouvé";"0646236971";"www.leslacs-darmagnac.com";"bien noté";"";"294";"98";"Non";"";"";"";"";"";""
"CAMPING LES JARDINS DAGATHE";"4 étoiles";"";"98 route de la Guiraudette, 34300 AGDE";"contact@camping-lesjardinsdagathe.com";"0467016736";"https://www.camping-lesjardinsdagathe.com/";"bien noté";"";"450";"106";"Non";"";"";"";"";"";""
"CAMPING LES JARDINS D'ESTAVAR";"3 étoiles";"";"9 carrer Dels Vinyals, 66800 ESTAVAR";"Non trouvé";"0633812967";"http://www.lesjardins-destavar.com";"bien noté";"";"66";"22";"Non";"";"";"";"";"";""
"CAMPING LES JARDINS D'ELSA";"3 étoiles";"";"Chemin des illets, 34450 VIAS";"Non trouvé";"0Non trouvé";"-";"bien noté";"";"156";"39";"Non";"";"";"";"";"";""
"CAMPING LES HIRONDELLES";"4 étoiles";"";"le PECH, 46350 LOUPIAC";"Non trouvé";"05 65 37 66 25";"http://www.camping-leshirondelles.com";"bien noté";"";"252";"84";"Non";"";"";"";"";"";""
"CAMPING LES GRAVES";"3 étoiles";"";"1459 AVENUE SAINT PIERRE, 46090 SAINT-PIERRE-LAFEUILLE";"infos@camping-lesgraves.com";"05 65 36 83 12";"www.camping-lesgraves.com";"bien noté";"";"120";"38";"Non";"";"";"";"";"";""
"CAMPING LES MANOQUES";"4 étoiles";"";"Plaine des Colombies, 82150 VALEILLES";"Non trouvé";"05 63 95 24 06";"http://www.lesmanoques.com";"bien noté";"";"198";"66";"Non";"";"";"";"";"";""
"CAMPING LES GORGES DE LHÉRAULT";"3 étoiles";"";"Route de Pont d'Hérault, 30440 SUMÈNE";"";"04 67 82 42 23";"https://www.camping-lesgorgesdelherault.com/";"bien noté";"";"250";"72";"Non";"";"";"";"";"";""
"CAMPING LES POMMIERS D'AIGUELÈZE";"4 étoiles";"";"espace de loisirs d'aiguelèze, 81600 RIVIÈRES";"Non trouvé";"0Non trouvé";"https://www.camping-lespommiers.com";"bien noté";"";"243";"81";"Non";"";"";"";"";"";""
"CAMPING LES REFLETS DU QUERCY";"4 étoiles";"";"Mas De Bastide, 46150 CRAYSSAC";"accueil@camping-reflets-quercy.fr";"0Non trouvé";"https://www.camping-reflets-quercy.fr/fr";"bien noté";"";"375";"125";"Non";"";"";"";"";"";""
"CAMPING UNIVERSAL";"4 étoiles";"";"chemin de belbuis, 30430 ROCHEGUDE";"campinguniversal@gmail.com";"+33466244126";"https://www.camping-universal.com/";"bien noté";"";"360";"90";"Non";"";"";"";"";"";""
"CAMPING SUD LOISIRS";"4 étoiles";"";"Route de Marseillan, 34300 AGDE";"Non trouvé";"0467210910";"https://www.camping-sud-loisirs-agde.fr/";"bien noté";"";"405";"135";"Non";"";"";"";"";"";""
"CAMPING SOL Y MAR";"3 étoiles";"";"Chemin De La Salanque, 66700 ARGELÈS-SUR-MER";"Non trouvé";"0468812421";"https://solymar.fr/fr/";"bien noté";"";"472";"118";"Non";"";"";"";"";"";""
"CAMPING SLOW VILLAGE PROVENCE OCCITANIE";"5 étoiles";"";"Route de Donnat, 30200 LA ROQUE-SUR-CÈZE";"laroquesurceze@slow-village.com";"+33 (0)4 66 79 08 89";"https://www.slow-village.com/destinations/occitanie/la-roque-sur-ceze/";"bien noté";"";"420";"140";"Non";"";"";"";"";"";""
"CAMPING SEASONOVA  BARBEROUSSE";"3 étoiles";"";"Route de l'Ayrolle, 11430 GRUISSAN";"contact@vacances-seasonova.com";"+33236810001";"https://vacances-seasonova.com/fr/camping/barberousse/";"bien noté";"";"390";"130";"Non";"";"";"";"";"";""
"CAMPING SAINT-PIERRE DE ROUSIEUX";"4 étoiles";"";"la téoulière, 81220 SERVIÈS";"contact@camping81.com";"33563500443";"www.camping81.com";"bien noté";"";"150";"50";"Non";"";"";"";"";"";""
"CAMPING NATURE ET RIVIÈRE";"3 étoiles";"";"route  de Millau, 48210 SAINTE-ENIMIE";"info@yellohvillage-nature-riviere.com";"+33466485736";"https://www.camping-nature-riviere.com/fr/";"bien noté";"";"267";"89";"Non";"";"";"";"";"";""
"CAMPING LES PORTES DU CANIGOU";"3 étoiles";"";"chemin du gaz, 66500 PRADES";"Non trouvé";"+33468962983";"https://www.camping-lesportesducanigou.fr/";"bien noté";"";"234";"78";"Non";"";"";"";"";"";""
"CAMPING MUNICIPAL LES IOULES";"3 étoiles";"";"Mairie d'orlu, 9110 ORLU";"mairie-orlu@wanadoo.fr";"05%2061%2064%2020%2008";"http://www.vallee-orlu.com";"bien noté";"";"258";"86";"Non";"";"";"";"";"";""
"CAMPING LES NYSADES";"3 étoiles";"";"Route de Limoux, 9500 MIREPOIX";"campinglesnysades@orange.fr";"+33561602863";"https://www.camping-mirepoix-ariege.com/";"bien noté";"";"192";"64";"Non";"";"";"";"";"";""
"CAMPING LES SAPINS";"3 étoiles";"";"4 Ternairols, 11340 CAMURAC";"info@lessapins-camurac.com";"0Non trouvé";"https://www.lessapins-camurac.com/index-francais.php?p=fr-home";"bien noté";"";"270";"90";"Non";"";"";"";"";"";""
"CAMPING LES ROCHES D'AGDE";"3 étoiles";"";"31 chemin de notre dame a saint martin, 34300 AGDE";"contact@camping-lesroches-agde.com";"+33467215792";"https://www.camping-lesroches-agde.com";"bien noté";"";"120";"40";"Non";"";"";"";"";"";""
"CAMPING LES RIVIERES";"4 étoiles";"";"Chemin de la Sablière, 34800 CANET";"Non trouvé";"0467967553";"https://www.camping-lesrivieres.com/";"bien noté";"";"345";"115";"Non";"";"";"";"";"";""
"CAMPING LES RIVES DU LAC DE VINÇA";"3 étoiles";"";"rue des Escoumes, 66320 VINÇA";"campingdevinca@gmail.com";"+33434529460";"www.camping-lac-de-vinca.com";"bien noté";"";"327";"109";"Non";"";"";"";"";"";""
"CAMPING LES RIVES DU CÉOU";"3 étoiles";"";"Lieu-dit le Pont de Rhodes, 46310 SAINT-CHAMARAND";"rivesduceou@orange.fr";"33787335060";"http://www.camping-lesrivesduceou.com/";"bien noté";"";"150";"50";"Non";"";"";"";"";"";""
"CAMPING LES RIVES DE COURTES";"3 étoiles";"";"Route de Panjas, 32240 ESTANG";"Non trouvé";"0Non trouvé";"EN COURS";"bien noté";"";"252";"84";"Erreur site";"";"";"";"";"";""
"CAMPING LES GENÊTS D'OR";"4 étoiles";"";"1840 chemin de Carmignan, 30200 BAGNOLS-SUR-CÈZE";"info@camping-genets-dor.com";"+33(0) 4 66 89 58 67";"https://www.camping-genets-dor.com/";"bien noté";"";"285";"95";"Non";"";"";"";"";"";""
"CAMPING LES GLERES";"3 étoiles";"";"19 route de pierrefitte, 65110 CAUTERETS";"%63%61%6d%70%69%6e%67-%6c%65%73-%67%6c%65%72%65%73@%77%61%6e%61%64%6f%6f.%66%72";"05 62 92 55 34";"http://www.gleres.com";"bien noté";"";"300";"75";"Non";"";"";"";"";"";""
"CAMPING LES SOURCES";"3 étoiles";"";"Route de Maliet, 30270 SAINT-JEAN-DU-GARD";"Non trouvé";"06 88 39 54 85";"https://www.camping-des-sources.fr/";"bien noté";"";"276";"92";"Non";"";"";"";"";"";""
"CAMPING LES SOUS BOIS DU LAC";"3 étoiles";"";"Bessettes, 48300 CHASTANIER";"contact@campinglozere.com";"+33 (0)4 66 69 52 43";"https://www.campinglozere.com/";"bien noté";"";"417";"139";"Non";"";"";"";"";"";""
"CAMPING LOU VINCEN";"3 étoiles";"";"Route d'Aramon, 30300 VALLABRÈGUES";"Non trouvé";"04 66 59 21 29";"http://www.campinglouvincen.fr";"bien noté";"";"246";"82";"Non";"";"";"";"";"";""
"CAMPING LOU LABECH";"3 étoiles";"";"Rue du Stade, 34140 BOUZIGUES";"contact@lou-labech.fr";"0467783038";"http://www.lou-labech.fr";"bien noté";"";"159";"53";"Non";"";"";"";"";"";""
"CAMPING LONGUE LÈGUE";"3 étoiles";"";"Saint Pal, 12720 MOSTUÉJOULS";"saintpal@orange.fr";"05 65 62 64 46";"https://www.campingsaintpal.com/";"bien noté";"";"90";"30";"Non";"";"";"";"";"";""
"CAMPING LESTAP";"3 étoiles";"";"Le Suc, 81240 ALBINE";"Non trouvé";"0563983474";"https://www.camping-lestap-tarn-81.com/";"bien noté";"";"168";"42";"Non";"";"";"";"";"";""
"CAMPING LES ÉRABLES";"3 étoiles";"";"Avenue de Millau plage, 12100 MILLAU";"Non trouvé";"05 65 59 15 13";"https://www.campingleserables.fr/";"bien noté";"";"240";"78";"Non";"";"";"";"";"";""
"CAMPING LES VISTES";"3 étoiles";"";"1 route des vistes, 30360 SAINT-JEAN-DE-CEYRARGUES";"Non trouvé";"0466832809";"http://www.lesvistes.com";"bien noté";"";"156";"52";"Non";"";"";"";"";"";""
"CAMPING LES VIOLETTES";"3 étoiles";"";"17 Route Départementale 813, 31450 DEYME";"campinglesviolettes@wanadoo.fr";"05 61 81 72 07";"https://www.campinglesviolettes.com/";"bien noté";"";"264";"88";"Non";"";"";"";"";"";""
"CAMPING LIDÉAL";"3 étoiles";"";"Route du val d'Azun, 65400 ARRAS-EN-LAVEDAN";"contact@camping-ideal-pyrenees.com";"0562453970";"http://www.camping-ideal-pyrenees.com";"bien noté";"";"225";"75";"Non";"";"";"";"";"";""
"CAMPING LES VALS";"3 étoiles";"";"2000 route du puech, 34700 LODÈVE";"Non trouvé";"0Non trouvé";"http://www.camping-les-vals.org/";"bien noté";"";"291";"97";"Non";"";"";"";"";"";""
"CAMPING LE DOMAINE LES TEUILLÈRES";"3 étoiles";"";"1040 route des Teuillères, 46190 SOUSCEYRAC-EN-QUERCY";"vasb@yrfgrhvyyrerf.pbz";"0499148700";"https://www.lesteuilleres.com/";"bien noté";"";"90";"30";"Non";"";"";"";"";"";""
"CAMPING SMILE & BRAUDIÈRES";"4 étoiles";"";"Lieu-dit les Braudières, 72240 MÉZIÈRES-SOUS-LAVARDIN";"smileetbraudieres@gmail.com";"02 43 20 81 48";"https://www.campingsmileetbraudieres.com/";"bien noté";"";"132";"44";"Non";"";"";"";"";"";""
"CAMPING DE SARSAN";"3 étoiles";"";"4 avenue Jean Moulin, 65100 LOURDES";"camping.sarsan@wanadoo.fr";"05 62 94 43 09";"https://www.camping-sarsan.fr/";"bien noté";"";"201";"67";"Non";"";"";"";"";"";""
"CAMPING DOMAINE DE MERLANES";"4 étoiles";"";"Lieu-dit Merlanes, 82220 MOLIÈRES";"info@domainedemerlanes.com";"+33 6 11 52 42 47";"http://www.domainedemerlanes.com";"bien noté";"";"250";"60";"Non";"";"";"";"";"";""
"CAMPING DOMAINE DE LA VITARELLE";"3 étoiles";"";"La Bitarelle, Route de Cuxac-cabardes, 11600 VILLANIÈRE";"info@domainedelavitarelle.com";"0Non trouvé";"https://www.domainedelavitarelle.com/";"bien noté";"";"72";"24";"Non";"";"";"";"";"";""
"CAMPING DOMAINE DE LA TOUR";"3 étoiles";"";"41 avenue de Lavedan, 65400 AGOS-VIDALOS";"%63%6f%6e%74%61%63%74@%64%6f%6d%61%69%6e%65%6c%61%74%6f%75%72.%63%6f%6d";"+33562975559";"https://www.domainelatour.com/";"bien noté";"";"240";"71";"Non";"";"";"";"";"";""
"CAMPING DEVÈZE";"3 étoiles";"";"773 chemin de Devèze, 32380 GAUDONVILLE";"contact@deveze-nat.com";"33562664386";"https://deveze.eu/index.php/fr/";"bien noté";"";"411";"137";"Non";"";"";"";"";"";""
"CAMPING LE FIEF D'ANDUZE";"3 étoiles";"";"195 chemin du plan d'eau, 30140 MASSILLARGUES-ATTUECH";"campingdufief@free.fr";"0Non trouvé";"https://www.campinglefief.fr/";"bien noté";"";"264";"88";"Non";"";"";"";"";"";""
"CAMPING LÉVASION";"4 étoiles";"";"Route de Cabrières, 34320 FONTÈS";"camping.levasion@outlook.fr";"33681516061";"https://www.campingevasion.com/";"bien noté";"";"210";"70";"Non";"";"";"";"";"";""
"CAMPING MAS DE LASTOURG";"3 étoiles";"";"Route de Serdinya, 66360 SERDINYA";"Non trouvé";"+33614859910";"https://camping-lastourg.com/";"bien noté";"";"219";"73";"Non";"";"";"";"";"";""
"CAMPING MAS DE REY";"4 étoiles";"";"Route d'Anduze, 30700 ARPAILLARGUES-ET-AUREILLAC";"Non trouvé";"+33466221827";"https://www.campingmasderey.com/";"bien noté";"";"330";"66";"Non";"";"";"";"";"";""
"CAMPING LES TERRASSES";"3 étoiles";"";"555 route de Saint Pons, 34360 SAINT-CHINIAN";"campinglesterrasses34@gmail.com";"04 67 25 35 06";"https://www.camping-les-terrasses.com";"bien noté";"";"150";"50";"Non";"";"";"";"";"";""
"CAMPING LES TROIS SOURCES";"4 étoiles";"";"Calviac, 46190 SOUSCEYRAC-EN-QUERCY";"info@camping-les-trois-sources.com";"0565330301";"https://www.camping-les-trois-sources.com/";"bien noté";"";"300";"100";"Non";"";"";"";"";"";""
"CAMPING MUNICIPAL LE MOULIN DU BIDOUNET";"3 étoiles";"";"Saint Benoit, 82200 MOISSAC";"camping-bidounet@moissac.fr";"05 63 32 52 52";"http://www.camping-moissac.com";"bien noté";"";"90";"100";"Non";"";"";"";"";"";""
"CAMPING MUNICIPAL LE BOIS DE SOPHIE";"3 étoiles";"";"Route d'Aynac, 46120 LACAPELLE-MARIVAL";"%63%6f%6e%74%61%63%74@%63%61%6d%70%69%6e%67-%6c%6f%74-%6c%65%62%6f%69%73%64%65%73%6f%70%68%69%65.%63%6f%6d";"+33680597986";"https://www.camping-lot-leboisdesophie.com/";"bien noté";"";"189";"63";"Non";"";"";"";"";"";""
"CAMPING MUNICIPAL LA VIGNOGUE";"3 étoiles";"";"Place de la Fontaine du Curé, 48230 CHANAC";"gites-camping@chanac.fr";"04 66 48 24 09";"https://www.camping-chanac.fr/";"bien noté";"";"144";"48";"Non";"";"";"";"";"";""
"CAMPING MUNICIPAL DE LOUPIAN";"3 étoiles";"";"route de mèze, 34140 LOUPIAN";"mairie@loupian.fr";"04 67 43 82 07";"https://www.loupian.fr/camping-municipal/";"bien noté";"";"294";"98";"Non";"";"";"";"";"";""
"CAMPING MUNICIPAL CASTELSEC";"3 étoiles";"";"rue louis audibert, 34120 PÉZENAS";"Non trouvé";"+33467980402";"https://www.camping-gites-herault.com";"bien noté";"";"93";"31";"Non";"";"";"";"";"";""
"CAMPING MOULIN DE LABORDE";"3 étoiles";"";"Laborde, 46700 MONTCABRIER";"Non trouvé";"07 85 94 61 61";"https://moulin-de-laborde.fr";"bien noté";"";"240";"80";"Non";"";"";"";"";"";""
"CAMPING MOULIN DE LA GALINIÈRE";"3 étoiles";"";"Chemin des condamines, 12640 RIVIÈRE-SUR-TARN";"Non trouvé";"0Non trouvé";"https://www.camping-moulindelagaliniere.fr/";"bien noté";"";"171";"57";"Non";"";"";"";"";"";""
"CAMPING MILLEFLEURS";"3 étoiles";"";"Le Tuilier, 9120 GUDAS";"millefleurs08@gmail.com";"//+330561607756";"https://www.camping-millefleurs.com/";"bien noté";"";"135";"45";"Non";"";"";"";"";"";""
"CAMPING MIALANNE";"3 étoiles";"";"63 Route du Val d'Azun, 65400 ARRENS-MARSOUS";"Non trouvé";"0Non trouvé";"http://campingmialanne.fr/";"bien noté";"";"138";"46";"Non";"";"";"";"";"";""
"CAMPING MER SABLE SOLEIL";"3 étoiles";"";"Chemin du Mouret, 11370 LEUCATE";"camping.capleucate-mss@mairie-leucate.fr";"+33468400137";"https://www.mer-sable-soleil.fr/";"bien noté";"";"200";"49";"Non";"";"";"";"";"";""
"CAMPING MER ET NATURE";"4 étoiles";"";"Chemin de la redoute, 34450 VIAS";"Non trouvé";"04 67 90 99 07";"https://www.campingmernature.fr/";"bien noté";"";"258";"86";"Non";"";"";"";"";"";""
"CAMPING MER ET CAMARGUE";"4 étoiles";"";"chemin d'aiguës vives, 30420 CALVISSON";"Non trouvé";"+3304 66 20 65 87";"www.campingmeretcamargue.fr";"bien noté";"";"240";"80";"Non";"";"";"";"";"";""
"CAMPING MAS PIQUES";"3 étoiles";"";"Rue du Train Jaune, 66760 BOURG-MADAME";"campiques@orange.fr";"+33612331258";"https://www.campingmaspiques.com/";"bien noté";"";"288";"96";"Non";"";"";"";"";"";""
"CAMPING MAS LLINAS";"4 étoiles";"";"chemin du mas llinas, 66160 LE BOULOU";"contact@mas-llinas.com";"0468832546";"https://www.mas-llinas.com/";"bien noté";"";"380";"87";"Non";"";"";"";"";"";""
"CAMPING MAS DE REY NATURE";"4 étoiles";"";"Chemin du pré des Mières, 30700 ARPAILLARGUES-ET-AUREILLAC";"Non trouvé";"+33466221827";"https://www.campingmasderey.com/";"bien noté";"";"250";"59";"Non";"";"";"";"";"";""
"CAMPING DES SOURCES";"3 étoiles";"";"1445 chemin D'Aubaygues, 34700 SOUBÈS";"campingdessources@gmail.com";"0467443202";"https://www.campingdessources.fr/";"bien noté";"";"144";"48";"Non";"";"";"";"";"";""
"CAMPING VILLAGE LES RULIÈRES";"3 étoiles";"";"185 route de ligné, 85570 SAINT-VALÉRIEN";"contact@rulieres.com";"0251280028";"http://www.rulieres.com/";"bien noté";"";"96";"32";"Non";"";"";"";"";"";""
"CAMPING VILLA LANDREAU";"4 étoiles";"";"32 rue du petit Beauregard, 85800 LE FENOUILLER";"villalandreau@orange.fr";"0251930120";"https://www.villa-landreau.fr/";"bien noté";"";"375";"125";"Non";"";"";"";"";"";""
"CAMPING VEILLON PLAGE";"3 étoiles";"";"Avenue des Taconnettes, 85440 TALMONT-SAINT-HILAIRE";"campingveillonplage@hotmail.fr";"0251222038";"https://www.campingveillonplage.com/";"bien noté";"";"264";"88";"Non";"";"";"";"";"";""
"CAMPING LA BERGE FLEURIE";"4 étoiles";"";"La Moulette, 30140 MIALET";"Non trouvé";"0466557972";"http://campinglabergefleurie.com";"bien noté";"";"369";"100";"Non";"";"";"";"";"";""
"CAMPING LA BELLE ÉTOILE";"3 étoiles";"";"Chemin des Prades, 12520 AGUESSAC";"contact@camping-labelleetoile.fr";"+33565729107";"http://www.camping-labelleetoile.fr";"bien noté";"";"187";"75";"Non";"";"";"";"";"";""
"CAMPING LA BASTIDE";"3 étoiles";"";"Chemin de la Plage, 9270 MAZÈRES";"mail@mail.com";"0";"https://www.vap-camping.fr/camping-de-mazeres";"bien noté";"";"300";"100";"Non";"";"";"";"";"";""
"CAMPING L'ÎLE DU PONT";"3 étoiles";"";"Chemin du Bartardeau, 32300 MIRANDE";"Non trouvé";"0Non trouvé";"https://camping-iledupont.com/";"bien noté";"";"363";"121";"Non";"";"";"";"";"";""
"CAMPING L'ÉVASION";"4 étoiles";"";"Martignac, 46700 PUY-L'ÉVÊQUE";"Non trouvé";"0Non trouvé";"https://www.lotevasion.com/";"bien noté";"";"225";"75";"Non";"";"";"";"";"";""
"CAMPING L'ORÉE DES MONTS";"3 étoiles";"";"Quartier la séoube, 65710 CAMPAN";"%6f%72%65%65.%64%65%73.%6d%6f%6e%74%73@%77%61%6e%61%64%6f%6f.%66%72";"+33562918398";"http://www.camping-oree-des-monts.com/";"bien noté";"";"294";"98";"Non";"";"";"";"";"";""
"CAMPING L'ORATOIRE";"3 étoiles";"";"avenue du puymorens, 66760 LATOUR-DE-CAROL";"campingloratoire@wanadoo.fr";"0Non trouvé";"http://www.cerdagne-camping.com";"bien noté";"";"165";"55";"Non";"";"";"";"";"";""
"CAMPING LA BERGERIE";"3 étoiles";"";"8 chemin de la bergerie, 65400 AYZAC-OST";"Non trouvé";"0562975999";"http://www.camping-labergerie.com";"bien noté";"";"345";"115";"Non";"";"";"";"";"";""
"CAMPING L'OLIVIER";"3 étoiles";"";"112 route de Congenies, 30250 JUNAS";"camping.lolivier@wanadoo.fr";"33466803952";"https://www.campinglolivier.fr/fr";"bien noté";"";"180";"45";"Non";"";"";"";"";"";""
"CAMPING L'OLIVERAIE";"3 étoiles";"";"1600 Chemin de Bédarieux, 34480 LAURENS";"oliveraie.laurens@gmail.com";"+33467902436";"https://www.oliveraie.com/";"bien noté";"";"327";"109";"Non";"";"";"";"";"";""
"CAMPING L'EUROPE";"3 étoiles";"";"Avenue du Général de Gaulle, 66700 ARGELÈS-SUR-MER";"Non trouvé";"+33468810810";"https://camping-europe.net/";"bien noté";"";"4";"91";"Non";"";"";"";"";"";""
"CAMPING L'ESCALE";"3 étoiles";"";"Route de la Tamarissière, 34300 AGDE";"info@camping-lescale.com";"+33 4 67 21 21 09";"http://www.camping-lescale-agde.com/fr/";"bien noté";"";"384";"128";"Non";"";"";"";"";"";""
"CAMPING LA PEYRADE";"3 étoiles";"";"route de colombies, 12390 RIGNAC";"info@campinglapeyrade.fr";"0612046936";"https://campinglapeyrade.fr/";"bien noté";"";"102";"34";"Non";"";"";"";"";"";""
"CAMPING L'EAU VIVE";"3 étoiles";"";"Avenue Saint Saturnin, 66820 VERNET-LES-BAINS";"Non trouvé";"06 18 92 63 48";"https://leauvive-camping.com/";"bien noté";"";"380";"90";"Non";"";"";"";"";"";""
"CAMPING L'EAU VIVE";"4 étoiles";"";"Route de saint céré, 46110 CARENNAC";"%69%6e%66%6f@%63%61%6d%70%69%6e%67-%6c%6f%74-%65%61%75%76%69%76%65.%63%6f%6d";"+33565109739";"http://www.camping-lot-eauvive.com";"bien noté";"";"270";"90";"Non";"";"";"";"";"";""
"CAMPING L'ARRIOU";"3 étoiles";"";"133 route des Cols, 65710 BEAUDÉAN";"%63%6f%6e%74%61%63%74@%61%72%72%69%6f%75.%63%6f%6d";"0251593628";"https://www.arriou.com";"bien noté";"";"309";"103";"Non";"";"";"";"";"";""
"CAMPING L'OLIVIER";"3 étoiles";"";"3 route de la Plaine, 30140 MASSILLARGUES-ATTUECH";"Non trouvé";"04 66 61 84 80";"https://campinglolivier.com/";"bien noté";"";"92";"23";"Non";"";"";"";"";"";""
"CAMPING INTERNATIONAL LE REFUGE";"3 étoiles";"";"27 route de Lannemezan, 65240 ARREAU";"%69%6e%66%6f@%63%61%6d%70%69%6e%67-%69%6e%74%65%72%6e%61%74%69%6f%6e%61%6c-%70%79%72%65%6e%65%65%73.%63%6f%6d";"05 62 98 63 34";"https://www.camping-international-pyrenees.com/";"bien noté";"";"400";"100";"Non";"";"";"";"";"";""
"CAMPING LA BERGERIE";"3 étoiles";"";"79 rue des chênes, 65380 LANNE";"Non trouvé";"05 62 45 40 05";"http://www.camping-la-bergerie.com/";"bien noté";"";"300";"100";"Non";"";"";"";"";"";""
"CAMPING EN SALVAN";"3 étoiles";"";"Avenue du lac de Saint Ferréol, 31250 VAUDREUILLE";"campingensalvan@orange.fr";"05 61 83 55 95";"http://www.campingensalvan.com";"bien noté";"";"402";"134";"Non";"";"";"";"";"";""
"CAMPING LE CLOS";"3 étoiles";"";"Chemin de la canebière, 30500 SAINT-AMBROIX";"Non trouvé";"0Non trouvé";"https://www.campingleclos.com/";"bien noté";"";"135";"45";"Erreur site";"";"";"";"";"";""
"CAMPING LE CHAMP DE GUIRAL";"3 étoiles";"";"Le Champ de Guiral Prouilhac, 46300 GOURDON";"vacancesnaturiste@mailo.com";"0Non trouvé";"http://vacancesnaturiste.com/";"bien noté";"";"42";"14";"Non";"";"";"";"";"";""
"CAMPING LE CH'TIMI";"3 étoiles";"";"Lieu-dit La Roque, 46700 TOUZAC";"info@campinglechtimi.com";"05 65365236";"https://wp.campinglechtimi.com/fr/main-page/";"bien noté";"";"300";"83";"Non";"";"";"";"";"";""
"CAMPING LE CASTIES";"3 étoiles";"";"lieu-dit bas de labrande, 31430 CASTIES-LABRANDE";"Non trouvé";"+33561908111";"http://www.camping-lecasties.fr";"bien noté";"";"147";"49";"Non";"";"";"";"";"";""
"CAMPING LE CAPELAN";"4 étoiles";"";"Route de Millau, 48150 MEYRUEIS";"Non trouvé";"0Non trouvé";"http://www.campingcapelan.com/fr/";"bien noté";"";"330";"110";"Non";"";"";"";"";"";""
"CAMPING LE CANIGOU";"3 étoiles";"";"Route départementale 55, 66320 ESPIRA-DE-CONFLENT";"info@camping-canigou.com";"0468058540";"https://www.camping-canigou.com/fr/";"bien noté";"";"345";"115";"Non";"";"";"";"";"";""
"CAMPING LE CAMP";"3 étoiles";"";"842 ROUTE DE LA NAUQUE, 82330 VAREN";"info@le-camp.fr";"+330604400627";"https://www.le-camp.fr/";"bien noté";"";"24";"8";"Non";"";"";"";"";"";""
"CAMPING L'ESCALE OCCITANE";"3 étoiles";"";"lieu-dit la pujade, 11170 ALZONNE";"contact@lescaleoccitane.com";"+33613118020";"https://www.lescaleoccitane.com/";"bien noté";"";"48";"16";"Non";"";"";"";"";"";""
"CAMPING LE CAMARGUAIS";"4 étoiles";"";"Route de Palavas, 34970 LATTES";"Non trouvé";"+33467151007";"https://www.campinglecamarguais.com";"bien noté";"";"234";"78";"Non";"";"";"";"";"";""
"CAMPING LE BOURDIEU";"3 étoiles";"";"Lieu-dit le Bourdieu, 9130 DURFORT";"Non trouvé";"+33561673017";"https://www.camping-le-bourdieu.fr/";"bien noté";"";"140";"42";"Non";"";"";"";"";"";""
"CAMPING LE BOTANIC";"3 étoiles";"";"Launac le vieux, 34690 FABRÈGUES";"contact@camping-le-botanic.com";"(+33)467855318";"http://www.camping-le-botanic.com";"bien noté";"";"243";"81";"Non";"";"";"";"";"";""
"CAMPING LE BOSQUET";"3 étoiles";"";"rue des Genêts, 12270 LA FOUILLADE";"info@campinglafouillade-najac.com";"+33(0)663953065";"www.campinglafouillade.fr";"bien noté";"";"141";"47";"Non";"";"";"";"";"";""
"CAMPING LE BOIS DES PINS";"3 étoiles";"";"Route d'Opoul, 66600 SALSES-LE-CHÂTEAU";"Non trouvé";"0Non trouvé";"https://www.leboisdepins.com/?no_lredirect=true";"bien noté";"";"350";"100";"Non";"";"";"";"";"";""
"CAMPING LE BEL ÉTÉ D'ANDUZE";"4 étoiles";"";"1870 route de Nimes, 30140 ANDUZE";"contact@camping-bel-ete.com";"+33466617604";"https://camping-bel-ete.com/fr/";"bien noté";"";"291";"97";"Non";"";"";"";"";"";""
"CAMPING LA PINÈDE ENCHANTÉE";"3 étoiles";"";"Chemin de Saint-André, 66700 ARGELÈS-SUR-MER";"Non trouvé";"+33468821129";"https://www.camping-la-pinede-enchantee.com/";"bien noté";"";"402";"134";"Non";"";"";"";"";"";""
"CAMPING LA PIBOLA";"3 étoiles";"";"Le Cazalet, 9500 CAMON";"Non trouvé";"05 61 68 12 14";"http://www.lapibola.com/";"bien noté";"";"177";"59";"Non";"";"";"";"";"";""
"CAMPING LE BOUT DU MONDE";"4 étoiles";"";"Fermes de Rhodes, 11400 VERDUN-EN-LAURAGAIS";"info@yellohvillage-leboutdumonde.com";"+33468949596";"http://www.leboutdumonde.fr";"bien noté";"";"366";"122";"Non";"";"";"";"";"";""
"CAMPING INTERNATIONAL DU ROUSSILLON";"3 étoiles";"";"Route Départementale 900, 66600 SALSES-LE-CHÂTEAU";"camping-roussillon@wanadoo.fr";"04 68 38 60 72";"https://camping-roussillon.fr/";"bien noté";"";"222";"74";"Non";"";"";"";"";"";""
"CAMPING ILISA";"3 étoiles";"";"19 avenue du Roussillon, 66800 SAILLAGOUSE";"Non trouvé";"04 68 04 75 08";"http://www.ilisa.fr";"bien noté";"";"342";"114";"Non";"";"";"";"";"";""
"CAMPING HUTTOPIA GORGES DU TARN";"3 étoiles";"";"La Bouldoire, 48210 LES VIGNES";"Non trouvé";"04 66 48 64 97";"https://europe.huttopia.com/site/gorges-du-tarn/";"bien noté";"";"363";"121";"Non";"";"";"";"";"";""
"CAMPING LA GARENNE";"3 étoiles";"";"Route Départementale 916, 66170 NÉFIACH";"contact@camping-lagarenne.fr";"+330468571576";"https://www.camping-lagarenne.fr/";"bien noté";"";"282";"94";"Non";"";"";"";"";"";""
"CAMPING LA DOURBIE";"4 étoiles";"";"Route de Nant, 12230 SAINT-JEAN-DU-BRUEL";"Non trouvé";"0565460640";"https://www.camping-dourbie-aveyron.com/fr-fr/";"bien noté";"";"88";"84";"Non";"";"";"";"";"";""
"CAMPING LA DEVÈZE";"3 étoiles";"";"chemin du fond de la Devèze, 46320 LIVERNON";"contact@camping-ladeveze.com";"+33565110009";"https://www.camping-ladeveze.com/";"bien noté";"";"48";"16";"Non";"";"";"";"";"";""
"CAMPING LA DEVÈZE";"3 étoiles";"";"route de la Devèze, 66210 FORMIGUÈRES";"Non trouvé";"06 37 59 73 89";"http://www.campingladeveze.com";"bien noté";"";"351";"117";"Non";"";"";"";"";"";""
"CAMPING LA CRÉOLE";"3 étoiles";"";"74 avenue des Campings, 34340 MARSEILLAN";"contact@campinglacreole.com";"+33(0)467219269";"https://www.campinglacreole.com/fr/";"bien noté";"";"472";"110";"Non";"";"";"";"";"";""
"CAMPING LA COSCOLLEDA";"3 étoiles";"";"27 rue de la Coscolleda, 66690 SORÈDE";"campinglacoscolleda@gmail.com";"33468891665";"https://www.camping-lacoscolleda.com/";"bien noté";"";"156";"52";"Non";"";"";"";"";"";""
"CAMPING LA CORCONNE";"3 étoiles";"";"route départementale 986, 30570 SAINT-ANDRÉ-DE-MAJENCOULES";"contact@lacorconne.com";"+33 4 67 82 46 82";"http://www.lacorconne.com";"bien noté";"";"129";"43";"Non";"";"";"";"";"";""
"CAMPING LA GARRIGUE";"3 étoiles";"";"327 route de sarrouil, 46130 LOUBRESSAC";"Non trouvé";"0565383488";"http://www.camping-lagarrigue.com";"bien noté";"";"162";"54";"Non";"";"";"";"";"";""
"CAMPING LA COQUILLE";"3 étoiles";"";"route de Carmignan, 30200 BAGNOLS-SUR-CÈZE";"Non trouvé";"06 80 01 26 09";"http://www.campinglacoquille.com";"bien noté";"";"99";"33";"Non";"";"";"";"";"";""
"CAMPING LA COMBE";"3 étoiles";"";"Mas de Reboul, 30430 BARJAC";"campinglacombe30430@gmail.com";"04 66 24 51 21";"https://www.campinglacombe.com/";"bien noté";"";"288";"96";"Non";"";"";"";"";"";""
"CAMPING LA CLAPARÈDE";"3 étoiles";"";"Route de Nant, 12230 SAINT-JEAN-DU-BRUEL";"contact@laclaparede.com";"05 65 62 23 41";"http://www.laclaparede.com";"bien noté";"";"156";"52";"Non";"";"";"";"";"";""
"CAMPING LA CLAIRIERE";"3 étoiles";"";"Le Peyronnet, 46350 LAMOTHE-FÉNELON";"Non trouvé";"0765813880";"http://la-clairiere-camping.fr/";"bien noté";"";"144";"50";"Non";"";"";"";"";"";""
"CAMPING LA CIGALE DE L'ALLIER";"3 étoiles";"";"9 route de Saint Alban, 48300 LANGOGNE";"contact@lacigaledelallier.fr";"+33466468572";"https://www.lacigaledelallier.fr/";"bien noté";"";"249";"83";"Non";"";"";"";"";"";""
"CAMPING LA CHÊNERAIE";"4 étoiles";"";"le cuzoul, 46090 VERS";"campinglacheneraielot@gmail.com";"+33565314029";"http://www.cheneraie.com";"bien noté";"";"66";"22";"Non";"";"";"";"";"";""
"CAMPING LA CHÂTAIGNERAIE";"3 étoiles";"";"46 avenue du lavedan, 65400 AGOS-VIDALOS";"%63%61%6d%70%69%6e%67.%63%68%61%74%61%69%67%6e%65%72%61%69%65@%77%61%6e%61%64%6f%6f.%66%72";"05 62 97 07 40";"http://www.camping-chataigneraie.com";"bien noté";"";"237";"79";"Non";"";"";"";"";"";""
"CAMPING LA CHICANETTE";"3 étoiles";"";"7 rue de la chicanette, 30800 SAINT-GILLES";"camping@campinglachicanette.fr";"0033 04 0466872832";"https://www.campinglachicanette.fr/";"bien noté";"";"267";"89";"Non";"";"";"";"";"";""
"CAMPING LA COMMANDERIE";"3 étoiles";"";"6 chemin de l'Église, 11800 RUSTIQUES";"commanderie@clicochic.com";"04 68 78 67 63";"https://www.campinglacommanderie.com/";"bien noté";"";"228";"76";"Non";"";"";"";"";"";""
"CAMPING LA GRANGE DE MONTEILLAC";"4 étoiles";"";"chemin de Monteillac, 12310 SÉVÉRAC L'ÉGLISE";"Non trouvé";"0Non trouvé";"http://la-grange-de-monteillac.com";"bien noté";"";"312";"104";"Non";"";"";"";"";"";""
"CAMPING LA GRANGE NEUVE";"3 étoiles";"";"17 La Grange Neuve Nord, 11130 SIGEAN";"info@campingsigean.com";"+33 (0) 4 68 48 58 70";"http://www.campingsigean.com";"bien noté";"";"246";"82";"Non";"";"";"";"";"";""
"CAMPING LA GRENOUILLE";"3 étoiles";"";"avenue du lavoir, 30630 GOUDARGUES";"camping.lagrenouille@orange.fr";"0Non trouvé";"http://www.camping-la-grenouille.com";"bien noté";"";"150";"50";"Non";"";"";"";"";"";""
"CAMPING HUTTOPIA CORDES SUR CIEL";"3 étoiles";"";"Les Cabannes, 81170 LES CABANNES";"Non trouvé";"05 63 56 27 14";"https://europe.huttopia.com/site/pays-de-cordes-sur-ciel/";"bien noté";"";"312";"104";"Non";"";"";"";"";"";""
"CAMPING HAMEAU DES CANNISSES";"3 étoiles";"";"avenue de la jonque, 11430 GRUISSAN";"resa@sogerel.fr";"33468902700";"http://www.vacances-gruissan.com/";"bien noté";"";"174";"58";"Non";"";"";"";"";"";""
"CAMPING FIGUROTTA";"3 étoiles";"";"route de Narbonne, 11200 BIZANET";"contact@campingfigurotta.com";"+33468451626";"https://www.campingfigurotta.com";"bien noté";"";"180";"60";"Non";"";"";"";"";"";""
"CAMPING FARGOGNE";"3 étoiles";"";"1455 route de Puycelci, Lieu-dit Fargogne, 82800 PUYGAILLARD-DE-QUERCY";"Non trouvé";"+33%205%2063%2031%2028%2036";"http://www.fargogne.com/";"bien noté";"";"84";"28";"Non";"";"";"";"";"";""
"CAMPING FAGAMIS L'OASIS";"3 étoiles";"";"82 avenue des Alberes, 66740 SAINT-GÉNIS-DES-FONTAINES";"contact@fagamis.fr";"04 68 89 75 29";"http://www.fagamis.fr/";"bien noté";"";"213";"71";"Non";"";"";"";"";"";""
"CAMPING ES PIBOUS";"3 étoiles";"";"chemin de saint just, 31510 SAINT-BERTRAND-DE-COMMINGES";"Non trouvé";"+33974567463";"https://www.espibous.fr";"bien noté";"";"240";"80";"Non";"";"";"";"";"";""
"CAMPING LA BERNÈDE";"3 étoiles";"";"19 chemin de la Bernède, 11190 RENNES-LES-BAINS";"Non trouvé";"0Non trouvé";"www.camping-renneslesbains.fr";"bien noté";"";"255";"85";"Non";"";"";"";"";"";""
"CAMPING LA BLAQUIÈRE";"3 étoiles";"";"Route départementale 907 bis, 48210 LES VIGNES";"Non trouvé";"0Non trouvé";"https://www.campinggorgesdutarn.fr/fr/";"bien noté";"";"470";"79";"Non";"";"";"";"";"";""
"CAMPING LA BOURGNATELLE";"3 étoiles";"";"Rue de La Bourgnatelle, 46130 BRETENOUX";"Non trouvé";"0581480294";"http://www.camping-lot-bretenoux.com";"bien noté";"";"297";"99";"Non";"";"";"";"";"";""
"CAMPING LA BUISSIÈRE";"3 étoiles";"";"2530 route de Barjac, 30430 BARJAC";"labuissiere@cielavillage.com";"//+33465910082";"https://www.camping-la-buissiere.fr/fr";"bien noté";"";"300";"99";"Non";"";"";"";"";"";""
"CAMPING LA PEIRIÉRE";"3 étoiles";"";"route de paziols, 11350 TUCHAN";"camping.peiriere@gmail.com";"04 68 45 46 50";"https://www.camping-la-peiriere.com/";"bien noté";"";"219";"73";"Non";"";"";"";"";"";""
"CAMPING LA PALHÈRE EN BORD DE RIVIÈRE";"3 étoiles";"";"Route du Mas de la Barque, 48800 POURCHARESSES";"contact@campinglapalhere.com";"0681518010";"https://campinglapalhere.com";"bien noté";"";"135";"45";"Non";"";"";"";"";"";""
"CAMPING LA MOUSQUÈRE";"3 étoiles";"";"Route de Saint Lary Soulan, 65170 BOURISP";"lamousquere@gmail.com";"33562394499";"https://www.campinglamousquere.com";"bien noté";"";"141";"47";"Non";"";"";"";"";"";""
"CAMPING LA MARINADE";"3 étoiles";"";"chemin de la salanque, 66700 ARGELÈS-SUR-MER";"marinade.accueil.093@gmail.com";"07 67 25 49 91";"http://www.lamarinade.fr/#Acceuil_Home.A";"bien noté";"";"279";"93";"Non";"";"";"";"";"";""
"CAMPING LA MARE AUX FÉES";"3 étoiles";"";"Rue de lÉglise, 11340 ROQUEFEUIL";"Non trouvé";"0Non trouvé";"https://camping-lamareauxfees.com/";"bien noté";"";"69";"23";"Non";"";"";"";"";"";""
"CAMPING LA LAGUNE";"3 étoiles";"";"10 Avenue des Vacances, 34110 FRONTIGNAN";"Non trouvé";"0499040430";"https://www.masdelalagune.com/";"bien noté";"";"310";"62";"Non";"";"";"";"";"";""
"CAMPING LA GRIOLE";"3 étoiles";"";"39 route d'Andorre, 66120 TARGASSONNE";"lagriole@gmail.com";"33622901527";"https://lagriole.com/";"bien noté";"";"228";"76";"Non";"";"";"";"";"";""
"CAMPING LE CLOS BOUYSSAC";"3 étoiles";"";"Lieu-Dit Bouyssac, 46700 TOUZAC";"info@leclosbouyssac.eu";"0183359604";"https://www.leclosbouyssac.eu/fr/";"bien noté";"";"213";"71";"Non";"";"";"";"";"";""
"CAMPING LE CLOS D'ESILDA";"3 étoiles";"";"5 Route Charles Kalfon, 34300 AGDE";"Non trouvé";"0Non trouvé";"http://www.campingleclosdesilda.fr/";"bien noté";"";"126";"42";"Erreur site";"";"";"";"";"";""
"CAMPING LE CLOS DE BANES";"3 étoiles";"";"1 hameau de Banes, 12420 ARGENCES EN AUBRAC";"info@leclosdebanes.com";"0628480118";"https://www.leclosdebanes.com/";"bien noté";"";"42";"14";"Non";"";"";"";"";"";""
"CAMPING LE CLOS DE FERRAND";"5 étoiles";"";"Chemin clos de Ferrand, 34410 SÉRIGNAN";"info@leserignannature.com";"33467320961";"https://www.leclosferrand-centrenaturiste.com/";"bien noté";"";"270";"90";"Non";"";"";"";"";"";""
"CAMPING CARAVANING LE CAYLOU";"3 étoiles";"";"le caylou, 30122 LES PLANTIERS";"camping.caylou@gmail.com";"0Non trouvé";"https://www.camping-caylou.fr";"bien noté";"";"261";"87";"Non";"";"";"";"";"";""
"CAMPING CAP SUD";"3 étoiles";"";"Avenue de la mer, 66200 ALÉNYA";"info@camping-capsud.com";"+33615674814";"www.camping-capsud.com";"bien noté";"";"240";"80";"Non";"";"";"";"";"";""
"CAMPING CAP PYRÉNÉES";"4 étoiles";"";"2 route des Poueyes, 65400 AUCUN";"Non trouvé";"+33562974262";"https://www.cappyrenees.com";"bien noté";"";"216";"72";"Non";"";"";"";"";"";""
"CAMPING CAP DU ROC";"4 étoiles";"";"1700 route de la palme, 11210 PORT-LA-NOUVELLE";"Non trouvé";"0468480098";"http://www.camping-cap-du-roc.com";"bien noté";"";"270";"90";"Non";"";"";"";"";"";""
"CAMPING CANOË GORGES DU TARN";"4 étoiles";"";"11 rue de la combe, 12640 RIVIÈRE-SUR-TARN";"lespeupliers12640@orange.fr";"+33565598517";"www.camping-canoe.fr";"bien noté";"";"363";"121";"Non";"";"";"";"";"";""
"CAMPING CAMP REDON";"3 étoiles";"";"Lieu-dit Camp Redon, 81170 LIVERS-CAZELLES";"info@campredon.com";"0400766000";"https://campredon.com/fr/";"bien noté";"";"138";"46";"Non";"";"";"";"";"";""
"CAMPING CABALIROS";"3 étoiles";"";"93 avenue du Mamelon Vert, 65110 CAUTERETS";"campingcabaliros@gmail.com";"+33562925536";"https://camping-cabaliros.com/";"bien noté";"";"300";"100";"Non";"";"";"";"";"";""
"CAMPING CHANTEMERLE";"3 étoiles";"";"Lieu-dit la Pontèze, 48400 BÉDOUÈS-COCURÈS";"chante-merle@wanadoo.fr";"+33466451966";"https://www.camping-chantemerle.com/fr";"bien noté";"";"252";"84";"Non";"";"";"";"";"";""
"CAMPING BOUIX";"3 étoiles";"";"Avenue du Général de Gaulle, 66700 ARGELÈS-SUR-MER";"Non trouvé";"04 68 81 11 75";"https://www.campingbouix-argeles.com/";"bien noté";"";"200";"68";"Non";"";"";"";"";"";""
"CAMPING BORDS DE CÈZE";"3 étoiles";"";"1044 chemin des campings, 30630 CORNILLON";"bordsdeceze@gmail.com";"(+33) 4 66 82 90 27";"https://www.lesbordsdeceze.com";"bien noté";"";"232";"45";"Non";"";"";"";"";"";""
"CAMPING BELLEVUE DES PALOMIÈRES";"3 étoiles";"";"38 route des Palomières, 65200 BAGNÈRES-DE-BIGORRE";"bellevuepalomieres@orange.fr";"+33666800719";"https://www.camping-bellevue-des-palomieres.com/";"bien noté";"";"306";"101";"Non";"";"";"";"";"";""
"CAMPING BELLEVUE";"3 étoiles";"";"La Bouriette, 46350 REILHAGUET";"contact@camping-ohana.fr";"33565371175";"https://www.camping-lot-bellevue.com/";"bien noté";"";"243";"81";"Non";"";"";"";"";"";""
"CAMPING DU ROUERGUE";"3 étoiles";"";"Avenue de la Libération, 12200 VILLEFRANCHE-DE-ROUERGUE";"Non trouvé";"+33(0)7 82 93 55 12";"https://campingdurouergue.com/";"bien noté";"";"486";"93";"Non";"";"";"";"";"";""
"CAMPING EL PAILLÈS";"3 étoiles";"";"Route forestière, 66340 OSSÉJA";"elpailles@orange.fr";"0468047850";"https://camping-elpailles-pyrenees.fr/";"bien noté";"";"156";"52";"Non";"";"";"";"";"";""
"CAMPING LE DOMAINE DU CASTEX";"3 étoiles";"";"le domaine du Castex, 32290 AIGNAN";"info@domaine-castex.com";"05 62 09 25 13";"http://www.domaine-castex.com";"bien noté";"";"138";"46";"Non";"";"";"";"";"";""
"CAMPING LA SALENDRINQUE";"3 étoiles";"";"Route de Saint Hippolyte du Fort, 30460 LASALLE";"info@campinglasalendrinque.fr";"+33466852457";"https://www.campinglasalendrinque.fr/";"bien noté";"";"400";"100";"Non";"";"";"";"";"";""
"CAMPING BOREPO";"3 étoiles";"";"Domaine Saint-Raymond, 34560 VILLEVEYRAC";"borepo@natureetresidenceloisirs.com";"+33 4 67 78 07 27";"http://www.campingborepo.fr";"bien noté";"";"300";"97";"Non";"";"";"";"";"";""
"CAMPING CHÂTEAU LE HAGET";"3 étoiles";"";"ROUTE DE MIELAN, 32320 MONTESQUIOU";"Non trouvé";"0Non trouvé";"http://www.lehaget.com";"bien noté";"";"267";"89";"Non";"";"";"";"";"";""
"CAMPING CLOS BARRAT";"3 étoiles";"";"205 Chemin de Causseran, 46700 SÉRIGNAC";"info@leclosbarrat.fr";"+33647500978";"https://www.leclosbarrat.fr/";"bien noté";"";"195";"65";"Non";"";"";"";"";"";""
"CAMPING COMPLEXE TOURISTIQUE DE LA JUSTALE";"3 étoiles";"";"2 allée de la Justale, 31260 MANE";"contact@village-vacances-mane.fr";"05 61 90 68 18";"https://www.village-vacances-mane.fr/fr/index.html";"bien noté";"";"150";"26";"Non";"";"";"";"";"";""
"CAMPING VAL DE VIE";"4 étoiles";"";"5 rue du stade, 85190 MACHÉ";"contact@campingvaldevie.fr";"0251931969";"https://www.campingvaldevie.fr/";"bien noté";"";"273";"91";"Non";"";"";"";"";"";""
"CAMPING SUN OCÉAN";"4 étoiles";"";"538 avenue des Sables, 85440 TALMONT-SAINT-HILAIRE";"contact@camping-sunocean.fr";"0255992981";"https://www.camping-sunocean.fr/";"bien noté";"";"360";"120";"Non";"";"";"";"";"";""
"CAMPING BEAU RIVAGE";"4 étoiles";"";"130 chemin du beau rivage, 30500 SAINT-AMBROIX";"Non trouvé";"0Non trouvé";"www.camping-beau-rivage.fr";"bien noté";"";"315";"105";"Non";"";"";"";"";"";""
"CAMPING BEAU SÉJOUR";"3 étoiles";"";"11 chemin des Embruns, 34340 MARSEILLAN";"Non trouvé";"0467219300";"http://camping-beausejour.fr";"bien noté";"";"306";"102";"Non";"";"";"";"";"";""
"CAMPING BEAU-RIVAGE DU LAC DE PARELOUP";"4 étoiles";"";"route des vernhes, 12410 SALLES-CURAN";"Non trouvé";"0Non trouvé";"www.beau-rivage.fr";"bien noté";"";"270";"90";"Non";"";"";"";"";"";""
"CAMPING BELLERIVE";"3 étoiles";"";"Cours Antelme, 30490 MONTFRIN";"info@campingbellerive.fr";"0Non trouvé";"https://campingbellerive.fr/";"bien noté";"";"300";"100";"Non";"";"";"";"";"";""
"CAMPING DE L'ALLIER";"3 étoiles";"";"Route de Mende, 48250 LA BASTIDE-PUYLAURENT";"campingdelallier@orange.fr";"0Non trouvé";"http://www.camping-de-lallier.fr/";"bien noté";"";"180";"60";"Non";"";"";"";"";"";""
"CAMPING DE L'AIGUEBELLE";"3 étoiles";"";"Lieu-dit le Cantonnet Bas, 48320 ISPAGNAC";"Non trouvé";"0Non trouvé";"http://www.camping-aiguebelle.fr/";"bien noté";"";"135";"45";"Non";"";"";"";"";"";""
"CAMPING DE L'ADOUR";"4 étoiles";"";"10 chemin Henri IV, 65200 GERDE";"Non trouvé";"0562952761";"https://www.camping-adour-bagneres-de-bigorre.fr/";"bien noté";"";"321";"107";"Non";"";"";"";"";"";""
"CAMPING DE GRANIERS";"4 étoiles";"";"Route départementale 133, 30170 MONOBLET";"campinggraniers@gmail.com";"+33 4 66 25 19 24";"https://www.camping-graniers.fr/";"bien noté";"";"198";"66";"Non";"";"";"";"";"";""
"CAMPING DE GOURJADE";"3 étoiles";"";"Route de Roquecourbe, 81100 CASTRES";"Non trouvé";"+33563593351";"https://www.campingdegourjade.net/";"bien noté";"";"294";"98";"Non";"";"";"";"";"";""
"CAMPING DE FONDESPIERRE";"3 étoiles";"";"277 chemin Pioch Viala, 34160 CASTRIES";"campingfondespierre@outlook.fr";"+33467912003";"https://www.camping-fondespierre.com/";"bien noté";"";"294";"98";"Non";"";"";"";"";"";""
"CAMPING DE CASTEL FIZEL";"3 étoiles";"";"Domaine de Castel Fizel, 66220 CAUDIÈS-DE-FENOUILLÈDES";"Non trouvé";"04 68 59 93 96";"http://www.castel-fizel.fr";"bien noté";"";"120";"40";"Non";"";"";"";"";"";""
"CAMPING DE BOIS REDON";"3 étoiles";"";"10 Chemin de Bonnet, 82240 SEPTFONDS";"Non trouvé";"0Non trouvé";"http://www.campingdeboisredon.com";"bien noté";"";"120";"40";"Erreur site";"";"";"";"";"";""
"CAMPING D'AUTUN";"3 étoiles";"";"11 route d'Autun, 65170 SAINT-LARY-SOULAN";"campingdautun@gmail.com";"+330562394031";"https://www.camping-saint-lary.com/";"bien noté";"";"321";"107";"Non";"";"";"";"";"";""
"CAMPING CÉVÉO DE GRUISSAN";"3 étoiles";"";"avenue de la Felouque, 11430 GRUISSAN";"reservation@ceveo.com";"04 73 77 56 14";"http://www.ceveo.com/village/village-vacances-de-gruissan-ete";"bien noté";"";"222";"74";"Non";"";"";"";"";"";""
"CAMPING COUDERC";"3 étoiles";"";"Route de Millau, 48210 SAINTE-ENIMIE";"contact@campingcouderc.fr";"+33(0)4 66 48 50 53";"http://www.campingcouderc.fr";"bien noté";"";"390";"130";"Non";"";"";"";"";"";""
"CAMPING LAS ASPERAS";"3 étoiles";"";"Avenue du Pouligou, 66340 PALAU-DE-CERDAGNE";"las.asperas@palacioloisirs.com";"0Non trouvé";"http://www.camping-pyrenees-cerdagne.com";"bien noté";"";"183";"61";"Non";"";"";"";"";"";""
"CAMPING VAL ROMA PARK";"3 étoiles";"";"Route Départementale 900, 66480 MAUREILLAS-LAS-ILLAS";"Non trouvé";"0Non trouvé";"http://www.valroma.fr/";"bien noté";"";"195";"65";"Non";"";"";"";"";"";""
"CAMPING LARRIBAL";"3 étoiles";"";"AVENUE DE MILLAU PLAGE, 12100 MILLAU";"Non trouvé";"+33 6 86 83 93 27";"www.campinglarribal.com";"bien noté";"";"207";"69";"Non";"";"";"";"";"";""
"CAMPING LA VERTE RIVE";"4 étoiles";"";"Lalbarede Terregaie, 46200 PINSAC";"contact@camping-laverterive.com";"0565378596";"http://www.camping-laverterive.com";"bien noté";"";"195";"65";"Non";"";"";"";"";"";""
"CAMPING LA PLAGE";"3 étoiles";"";"69 chemin du Payrollet, 34340 MARSEILLAN";"%69%6e%66%6f@%6c%61%70%6c%61%67%65-%63%61%6d%70%69%6e%67.%6e%65%74";"+33467219254";"http://www.laplage-camping.net";"bien noté";"";"315";"105";"Non";"";"";"";"";"";""
"CAMPING LA PLAGE";"3 étoiles";"";"Rive Gauche De La Dordogne, 46200 MEYRONNE";"contact@camping-laplage.com";"0565322326";"https://www.camping-laplage.com/fr";"bien noté";"";"216";"72";"Non";"";"";"";"";"";""
"CAMPING LA PLAGE";"3 étoiles";"";"LE COURAU, 30630 SAINT-ANDRÉ-DE-ROQUEPERTUIS";"Non trouvé";"330466509729";"https://www.campinglaplage-gard.com";"bien noté";"";"240";"80";"Non";"";"";"";"";"";""
"CAMPING LAS CLOSAS";"3 étoiles";"";"1 place Saint Genis, 66800 ERR";"reception@camping-las-closas.com";"04 68 04 71 42";"http://www.camping-las-closas.com/";"bien noté";"";"300";"114";"Non";"";"";"";"";"";""
"CAMPING LAS CLOSES";"3 étoiles";"";"Route de Fillols, 66820 CORNEILLA-DE-CONFLENT";"campinglascloses@gmail.com";"04 68 96 52 29";"https://www.las-closes.fr/#popup";"bien noté";"";"228";"76";"Non";"";"";"";"";"";""
"CAMPING LATAPIE";"3 étoiles";"";"Lieu-dit Latapie, 82220 VAZERAC";"Non trouvé";"0563677092";"http://www.campinglatapie.com";"bien noté";"";"150";"50";"Non";"";"";"";"";"";""
"CAMPING LE BEAUVILLAGE";"3 étoiles";"";"Vignal, 82110 LAUZERTE";"Non trouvé";"0Non trouvé";"www.camping-lebeauvillage.com";"bien noté";"";"75";"25";"Non";"";"";"";"";"";""
"CAMPING LA PLAGE DE L'ORB";"3 étoiles";"";"Rue des Fleurs, 34460 CESSENON-SUR-ORB";"laplagedelorb@gmail.com";"0467895329";"https://www.laplagedelorb.com/";"bien noté";"";"240";"80";"Non";"";"";"";"";"";""
"CAMPING LE DOMAINE DE PRADINES";"3 étoiles";"";"route de millau, 30750 LANUÉJOLS";"domainedepradines@gmail.com";"33467827385";"http://domaine-de-pradines.com";"bien noté";"";"225";"75";"Non";"";"";"";"";"";""
"CAMPING LE DOLIUM";"4 étoiles";"";"route de saint-victor, 30290 LAUDUN-L'ARDOISE";"campingledolium@gmail.com";"+33 4 66 39 27 07";"http://campingledolium.fr";"bien noté";"";"252";"84";"Non";"";"";"";"";"";""
"CAMPING LE CORTSAVI";"3 étoiles";"";"route de batere, 66150 CORSAVY";"Non trouvé";"0Non trouvé";"-";"bien noté";"";"150";"50";"Non";"";"";"";"";"";""
"CAMPING LE COLOMER";"3 étoiles";"";"Rue du colonel Fabien, 66130 ILLE-SUR-TÊT";"contact@camping-le-colomer.fr";"04 68 56 79 67";"https://camping-le-colomer.fr/";"bien noté";"";"174";"58";"Non";"";"";"";"";"";""
"CAMPING LE CLOS LALANDE";"3 étoiles";"";"359 route de Bioule, 82800 MONTRICOUX";"Non trouvé";"0Non trouvé";"https://www.camping-lecloslalande.com/";"bien noté";"";"180";"60";"Erreur site";"";"";"";"";"";""
"CAMPING LE CLOS DES PEUPLIERS";"3 étoiles";"";"route nationale 88, 48000 BARJAC";"Non trouvé";"04 66 47 01 16";"camping-lozere.fr";"bien noté";"";"285";"95";"Non";"";"";"";"";"";""
"CAMPING LE CLOS DE LA LÈRE";"3 étoiles";"";"230 route de Setpfonds, 82240 CAYRIECH";"Non trouvé";"+33563312041";"https://www.camping-leclosdelalere.com/fr/";"bien noté";"";"177";"55";"Non";"";"";"";"";"";""
"CAMPING LE CLOS DE LA GRANGETTE";"5 étoiles";"";"Lieu-dit la Séoune, 34410 SÉRIGNAN";"info@leserignannature.com";"33467320961";"https://www.leclosdelagrangette-centrenaturiste.com/";"bien noté";"";"78";"26";"Non";"";"";"";"";"";""
"CAMPING LE DOMAINE DE LA PALME";"3 étoiles";"";"79 chemin du stade, 11480 LA PALME";"%69%6e%66%6f@%63%61%6d%70%69%6e%67-%6c%61-%70%61%6c%6d%65.%63%6f%6d";"+33468485040";"https://www.camping-la-palme.com/";"bien noté";"";"207";"69";"Non";"";"";"";"";"";""
"CAMPING LA PLAGE DE VERDUZAN";"3 étoiles";"";"Rue du lac, 32410 CASTÉRA-VERDUZAN";"Non trouvé";"0562681223";"https://www.camping-castera.com/";"bien noté";"";"276";"92";"Non";"";"";"";"";"";""
"CAMPING LA PLÉNITUDE";"3 étoiles";"";"1000 rue de Provence, 65130 CAPVERN";"Non trouvé";"05 62 39 14 56";"https://www.camping-capvern.com/";"bien noté";"";"114";"38";"Non";"";"";"";"";"";""
"CAMPING LA POMMERAIE";"3 étoiles";"";"2 bis avenue Philadelphe, 65200 GERDE";"campinglapommeraie@gmail.com";"33562913224";"http://campinglapommeraie.com";"bien noté";"";"156";"52";"Non";"";"";"";"";"";""
"CAMPING LA TUQUE";"3 étoiles";"";"Lieu-Dit La Tuque, 46140 BÉLAYE";"Non trouvé";"0Non trouvé";"https://www.campinglatuque.nl/fr/";"bien noté";"";"297";"99";"Non";"";"";"";"";"";""
"CAMPING LA TOUR DE FRANCE";"3 étoiles";"";"43 avenue du Général de Gaulle, 66720 LATOUR-DE-FRANCE";"Non trouvé";"+33468291610";"https://www.camping-latourdefrance.fr/";"bien noté";"";"294";"98";"Non";"";"";"";"";"";""
"CAMPING LA TISARNE";"3 étoiles";"";"451 chemin de la Tisarne, 82370 CAMPSAS";"latisarne@live.fr";"05 63 64 02 75";"https://sites.google.com/site/campinglatisarne";"bien noté";"";"90";"30";"Non";"";"";"";"";"";""
"CAMPING LA SOURCE SAINT PIERRE";"4 étoiles";"";"Chemin du moulin de siau, 34150 ANIANE";"campingstpierre@gmail.com";"04 67 57 76 95";"http://www.campingstpierre.com";"bien noté";"";"210";"70";"Non";"";"";"";"";"";""
"CAMPING LA SOURCE";"4 étoiles";"";"Presqu'île de Laussac, 12600 THÉRONDELS";"Non trouvé";"05 65 66 05 62";"https://www.camping-la-source.com/";"bien noté";"";"303";"101";"Non";"";"";"";"";"";""
"CAMPING LA SOURCE";"3 étoiles";"";"Rue de la Citadelle, 66730 SOURNIA";"Non trouvé";"04 68 96 08 13";"https://www.campinglasource.net";"bien noté";"";"129";"43";"Non";"";"";"";"";"";""
"CAMPING LA SOLANILLA";"3 étoiles";"";"Hameau Lahount, 32400 LELIN-LAPUJOLLE";"Non trouvé";"0Non trouvé";"http://www.campinglasolanilla.com/";"bien noté";"";"372";"86";"Erreur site";"";"";"";"";"";""
"CAMPING LA SERRE";"4 étoiles";"";"5 chemin de la Serre, 9600 AIGUES-VIVES";"Non trouvé";"+33561030616";"https://www.camping-la-serre.com/";"bien noté";"";"270";"90";"Non";"";"";"";"";"";""
"CAMPING LA SAPINETTE";"3 étoiles";"";"21 Avenue René Delpech, 11500 QUILLAN";"campingsapinette@ville-quillan.fr";"+33468201352";"https://www.pole-quillan-tourisme.fr/la-sapinette/";"bien noté";"";"294";"98";"Non";"";"";"";"";"";""
"CAMPING LA RÉGATE";"3 étoiles";"";"Avenue Montjean, 9600 LÉRAN";"campinglaregate.ariege@gmail.com";"0Non trouvé";"https://www.campinglaregate.com/";"bien noté";"";"180";"60";"Non";"";"";"";"";"";""
"CAMPING LA PINÈDE";"3 étoiles";"";"rue des rousillous, 11200 LÉZIGNAN-CORBIÈRES";"lapinede.aude@gmail.com";"+33468270508";"http://www.campinglapinede.fr/";"bien noté";"";"270";"90";"Non";"";"";"";"";"";""
"CAMPING LA ROMIGUIÈRE";"3 étoiles";"";"lac de la selve, 12210 MONTPEYROUX";"contact@laromiguiere.net";"0565444464";"https://www.laromiguiere.fr/";"bien noté";"";"186";"62";"Non";"";"";"";"";"";""
"CAMPING LA RIVIÈRE";"3 étoiles";"";"Le Bougayrou, 46200 LACAVE";"";"0565370204";"https://www.campinglariviere.com/";"bien noté";"";"330";"110";"Non";"";"";"";"";"";""
"CAMPING LA RIBÈRE";"3 étoiles";"";"30 route de Labatsus, 65120 BARÈGES";"contact@laribere.fr";"+33 5 62 92 69 01";"http://www.laribere.fr";"bien noté";"";"78";"26";"Non";"";"";"";"";"";""
"CAMPING LA PÈNE BLANCHE";"5 étoiles";"";"Le village, 65510 LOUDENVIELLE";"hello-loudenvielle@wellness-sport-camping.com";"+330562996885";"https://loudenvielle.wellness-sport-camping.com/";"bien noté";"";"273";"91";"Non";"";"";"";"";"";""
"CAMPING LA PRADE";"3 étoiles";"";"4649 route de Lagarde Viaur, 81190 MONTIRAT";"camping-la-prade@orange.fr";"05 63 76 95 68";"https://www.campinglaprade.com/";"bien noté";"";"210";"70";"Non";"";"";"";"";"";""
"CAMPING LA PORTE D'AUTAN";"3 étoiles";"";"Rue Boris Vian, 11310 SAISSAC";"contact@laportedautan.fr";"+33468763608";"http://www.laportedautan.fr/";"bien noté";"";"219";"73";"Non";"";"";"";"";"";""
"CAMPING LA VIE EN VERT";"3 étoiles";"";"Chemin de Saint-Martin, 9800 AUGIREIN";"Non trouvé";"0Non trouvé";"http://lavieenvert.com/";"bien noté";"";"36";"12";"Non";"";"";"";"";"";""
"CAMPING LA FORÊT";"3 étoiles";"";"1 rue de la Clairière, 85190 AIZENAY";"abcforest@orange.fr";"0251089672";"https://www.camping-laforet.com/";"bien noté";"";"152";"84";"Non";"";"";"";"";"";""
"CAMPING VERT LAVANDE";"3 étoiles";"";"Impasse Raymond Fournier, 12370 BELMONT-SUR-RANCE";"contact@vertlavande.com";"+33679656191";"https://www.vertlavande.com/fr/";"bien noté";"";"129";"43";"Non";"";"";"";"";"";""
"CAMPING VILLAGE GAVAUDAN AUBRAC";"3 étoiles";"";"route de l'empery, 48100 MARVEJOLS";"Non trouvé";"0466492831";"https://camping-marvejols.com/";"bien noté";"";"144";"48";"Non";"";"";"";"";"";""
"LES TROIS RIVIERES";"3 étoiles";"";"10 chemin de la chapellerie, 71500 LOUHANS";"Non trouvé";"0Non trouvé";"www.campingpark.com";"bien noté";"";"159";"53";"Non";"";"";"";"";"";""
"LES VOILES DE LAIVES";"3 étoiles";"";"2, rue du lac, 71240 LAIVES";"Non trouvé";"+33 6 28 59 65 67";"https://www.lesvoilesdelaives.com/";"bien noté";"";"255";"85";"Non";"";"";"";"";"";""
"CAMPING LE RANROUËT";"3 étoiles";"";"7 allée des Prés Blancs, 44410 HERBIGNAC";"Non trouvé";"0Non trouvé";"https://www.campingleranrouet.fr/";"bien noté";"";"296";"74";"Non";"";"";"";"";"";""
"CAMPING ATEEPEEK";"3 étoiles";"";"2A RUE DES FORGES, 85540 SAINT-VINCENT-SUR-GRAON";"Non trouvé";"+33 2 51 47 95 83";"https://www.ateepeek.fr";"bien noté";"";"114";"38";"Non";"";"";"";"";"";""
"CAMPING AU BOIS DU CÉ";"4 étoiles";"";"route du puy du fou, 85500 CHAMBRETAUD";"contact@camping-auboisduce.com";"+33251915432";"http://www.camping-auboisduce.com";"bien noté";"";"381";"127";"Non";"";"";"";"";"";""
"CAMPING DE L'HERMITAGE";"3 étoiles";"";"46 avenue du Paradis, 44290 GUÉMENÉ-PENFAO";"Non trouvé";"0Non trouvé";"https://www.campinglhermitage.com/";"bien noté";"";"270";"90";"Non";"";"";"";"";"";""
"CAMPING DE L'HIPPODROME";"3 étoiles";"";"allée du Québec, 72300 SABLÉ-SUR-SARTHE";"Non trouvé";"02 43 95 42 61";"http://camping.sablesursarthe.fr/";"bien noté";"";"219";"73";"Non";"";"";"";"";"";""
"CAMPING LA VENISE DU BOCAGE";"3 étoiles";"";"45 le Chaillot, 85310 NESMY";"Non trouvé";"0Non trouvé";"www.la-venise-du-bocage.com";"bien noté";"";"147";"49";"Erreur site";"";"";"";"";"";""
"CAMPING LE PARC DE VAUX";"3 étoiles";"";"35 Rue des colverts, 53300 AMBRIÈRES-LES-VALLÉES";"contact@parcdevaux.com";"+33243049025";"http://www.parcdevaux.com/index.php/fr/";"bien noté";"";"336";"112";"Non";"";"";"";"";"";""
"CAMPING LE HAMEAU DU PETIT LAY";"3 étoiles";"";"1 Chauvin, 85640 MOUCHAMPS";"Non trouvé";"0Non trouvé";"-";"bien noté";"";"120";"40";"Non";"";"";"";"";"";""
"CAMPING DE LA RINCERIE";"3 étoiles";"";"La Hugerie, 53800 LA SELLE-CRAONNAISE";"Non trouvé";"0Non trouvé";"http://www.la-rincerie.com/";"bien noté";"";"150";"50";"Erreur site";"";"";"";"";"";""
"CAMPING DE LA VÈGRE";"3 étoiles";"";"Rue du camping, 72240 TENNIE";"contact@camping-tennie.com";"02 58 47 37 88";"http://www.camping-tennie.com";"bien noté";"";"228";"76";"Non";"";"";"";"";"";""
"CAMPING DE MINDIN";"3 étoiles";"";"32 avenue du Bois, 44250 SAINT-BREVIN-LES-PINS";"contact@campingmindin.com";"+33240274641";"https://www.campingmindin.com";"bien noté";"";"300";"73";"Non";"";"";"";"";"";""
"CAMPING DE PRIGNY";"3 étoiles";"";"1 route de Moraudeau, 44760 LES MOUTIERS-EN-RETZ";"contact@campingdeprigny.fr";"06 24 67 05 14";"https://www.campingdeprigny.fr/";"bien noté";"";"300";"74";"Non";"";"";"";"";"";""
"CAMPING DES CONCHES";"3 étoiles";"";"Route du grand Port, 85420 DAMVIX";"campingdesconches@orange.fr";"33251871706";"http://www.camping-des-conches.fr";"bien noté";"";"318";"106";"Non";"";"";"";"";"";""
"CAMPING DES LOISIRS";"3 étoiles";"";"boulevard du Maréchal Juin, 53600 ÉVRON";"campingevron@night-day.fr";"+33784583206";"https://www.night-and-day.fr/camping/27-camping-des-loisirs";"bien noté";"";"255";"85";"Non";"";"";"";"";"";""
"CAMPING LE FIEF";"3 étoiles";"";"168 rue du Moulin Cassé, 85160 SAINT-JEAN-DE-MONTS";"contact@camping-lefief-vendee.com";"02 51 58 63 77";"https://www.camping-lefief-vendee.com/";"bien noté";"";"200";"53";"Non";"";"";"";"";"";""
"CAMPING DE LA NINGLE";"4 étoiles";"";"66 chemin des Roselières, 85270 SAINT-HILAIRE-DE-RIEZ";"contact@campingdelaningle.fr";"0251540711";"https://www.campinglaningle.com";"bien noté";"";"432";"144";"Non";"";"";"";"";"";""
"CAMPING LE PÔ DORÉ";"4 étoiles";"";"51 route du pô, 49650 ALLONNES";"Non trouvé";"+33241387880";"https://www.camping-lepodore.com/";"bien noté";"";"258";"86";"Non";"";"";"";"";"";""
"CAMPING VERT AUXOIS";"3 étoiles";"";"15 rue du Vert Auxois, 21320 POUILLY-EN-AUXOIS";"contact@camping-vert-auxois.fr";"+33380907189";"https://camping-vert-auxois.fr";"bien noté";"";"204";"68";"Non";"";"";"";"";"";""
"CAMPING LE PONT D'YEU";"3 étoiles";"";"10 rue du Pont d'Yeu, 85690 NOTRE-DAME-DE-MONTS";"info@camping-pontdyeu.com";"​0251588376";"https://www.camping-pontdyeu.com/";"bien noté";"";"270";"90";"Non";"";"";"";"";"";""
"CAMPING DAMONA LODGES";"3 étoiles";"";"LA CHAUSSERIE, 85150 VAIRÉ";"hello@damonalodges.com";"0612424242";"https://www.damonalodges.com/";"bien noté";"";"75";"25";"Non";"";"";"";"";"";""
"CAMPING DE COULVÉE";"3 étoiles";"";"Chemin de Coulvée, 49120 CHEMILLÉ";"camping.coulvee@chemille-en-anjou.fr";"02 41 30 39 97";"https://www.camping-coulvee-chemille.com/";"bien noté";"";"144";"48";"Non";"";"";"";"";"";""
"CAMPING DE L'ETANG DU PAYS BLANC";"4 étoiles";"";"47 rue des chênes, 44350 GUÉRANDE";"resa@camping-guerande.com";"0240619351";"https://guerande-camping.com/";"bien noté";"";"357";"119";"Non";"";"";"";"";"";""
"CAMPING LE PETIT BOIS";"3 étoiles";"";"194 chemin de la Rive, 85160 SAINT-JEAN-DE-MONTS";"campinglepetitbois85@orange.fr";"0251588084";"http://www.camping-lepetitbois.fr/";"bien noté";"";"177";"59";"Non";"";"";"";"";"";""
"CAMPING LE PAVILLON BLEU";"3 étoiles";"";"Chemin des Ormeaux, 85460 LA FAUTE-SUR-MER";"Non trouvé";"+33251560878";"https://www.camping-apv.com/atlantique/camping-vendee/camping-la-faute-sur-mer/le-pavillon-bleu";"bien noté";"";"255";"85";"Non";"";"";"";"";"";""
"CAMPING LE PAVILLON";"3 étoiles";"";"175 avenue Georges Clémenceau, 85150 LA MOTHE-ACHARD";"Non trouvé";"0251056346";"https://www.campinglepavillon.com/";"bien noté";"";"375";"125";"Non";"";"";"";"";"";""
"CAMPING LE RIVAGE";"3 étoiles";"";"11 route de la Tonnelle, 85160 SAINT-JEAN-DE-MONTS";"tonnelles@clicochic.com";"02 51 59 47 47";"https://www.campinglerivage.com/";"bien noté";"";"52";"13";"Non";"";"";"";"";"";""
"CAMPING AU SOIR D'ÉTÉ";"4 étoiles";"";"401 route de Bel Air, 44420 MESQUER";"info@camping-soirdete.com";"+33240425726";"https://www.camping-soirdete.com/";"bien noté";"";"266";"89";"Non";"";"";"";"";"";""
"CAMPING AU BORD DE LOIRE";"3 étoiles";"";"1 place du 19 mars, 49350 GENNES-VAL-DE-LOIRE";"Non trouvé";"0Non trouvé";"https://camping-auborddeloire.com/fra";"bien noté";"";"405";"135";"Non";"";"";"";"";"";""
"CAMPING LE ROC";"3 étoiles";"";"Route de Brem sur mer, 85150 VAIRÉ";"contact@campingfiefmelin.com";"+33 5 46 47 60 85";"https://www.campingleroc.com/";"bien noté";"";"350";"100";"Non";"";"";"";"";"";""
"CAMPING LE SABLEAU";"3 étoiles";"";"185 Rte des Garateries, 85270 NOTRE-DAME-DE-RIEZ";"campinglesableau@orange.fr";"0251350030";"https://www.camping-le-sableau.fr/";"bien noté";"";"60";"20";"Non";"";"";"";"";"";""
"CAMPING PLAGE DU MIDI";"3 étoiles";"";"Les Branlasses, 58230 MONTSAUCHE-LES-SETTONS";"Non trouvé";"0386845197";"http://settons-camping.fr/";"bien noté";"";"396";"132";"Non";"";"";"";"";"";""
"CAMPING LE ROUGE GORGE";"4 étoiles";"";"route de la verrie, 85290 SAINT-LAURENT-SUR-SÈVRE";"campinglerougegorge@wanadoo.fr";"+33251678639";"http://camping-lerougegorge-vendee.com";"bien noté";"";"270";"90";"Non";"";"";"";"";"";""
"CAMPING SEASONOVA SOUS LE MOULIN";"3 étoiles";"";"Rue de la Plage, 39240 CONDES";"contact@vacances-seasonova.com";"+33236810001";"https://vacances-seasonova.com/fr/camping/sous-le-moulin/";"bien noté";"";"429";"143";"Non";"";"";"";"";"";""
"CAMPING SOUS-DORIAT";"3 étoiles";"";"34 rue Marcel Hugon, 39300 MONNET-LA-VILLE";"Non trouvé";"+33623106295";"http://www.camping-sous-doriat.com";"bien noté";"";"312";"104";"Non";"";"";"";"";"";""
"CAMPING AU PRÉ DE L’ÉTANG";"3 étoiles";"";"L'Elemière, 85150 SAINTE-FOY";"contact@camping-aupredeletang.com";"+330251208065";"https://www.camping-aupredeletang.com/";"bien noté";"";"138";"46";"Non";"";"";"";"";"";""
"CAMPING DES PORTES DU PERCHE";"3 étoiles";"";"Rue de la Piscine, 72600 MAMERS";"campinglesportesduperche@gmail.com";"+330243976830";"https://www.campingdesportesduperche.com/le-camping/";"bien noté";"";"120";"40";"Non";"";"";"";"";"";""
"CAMPING DES RIVIÈRES";"3 étoiles";"";"1 rue du port, 53200 DAON";"Non trouvé";"06 78 09 84 35";"https://camping-daon.fr/";"bien noté";"";"150";"50";"Non";"";"";"";"";"";""
"CAMPING DOMAINE LA FONTECLOSE";"4 étoiles";"";"1365 route de Commequiers, 85270 NOTRE-DAME-DE-RIEZ";"domaine.lafonteclose@orange.fr";"0228177043";"https://www.camping-lafonteclose.com/";"bien noté";"";"279";"93";"Non";"";"";"";"";"";""
"VILLAGE CAMPING LES VIGNES";"3 étoiles";"";"Lieu-Dit Le Méroué, 46700 PUY-L'ÉVÊQUE";"contact@camping-lesvignes.fr";"+33565358039";"https://www.camping-lesvignes.fr/";"bien noté";"";"240";"80";"Non";"";"";"";"";"";""
"CAMPING DOMAINE DE LA FAURIE";"4 étoiles";"";"Lieu-Dit La Faurie, 46240 SÉNIERGUES";"contact@camping-lafaurie.com";"0565211436";"https://www.camping-lafaurie.com/";"bien noté";"";"291";"97";"Non";"";"";"";"";"";""
"CAMPING SEASONOVA DU CHENE";"3 étoiles";"";"1, route du Lac, 44450 SAINT-JULIEN-DE-CONCELLES";"contact@vacances-seasonova.com";"+33236810001";"https://vacances-seasonova.com/fr/camping/camping-du-chene/";"bien noté";"";"303";"101";"Non";"";"";"";"";"";""
"CAMPING LE TARANIS";"3 étoiles";"";"La Resclauze, 12720 MOSTUÉJOULS";"contact@camping-taranis.fr";"05 65 62 65 56";"https://www.camping-taranis.fr";"bien noté";"";"150";"50";"Non";"";"";"";"";"";""
"CAMPING LES 4 TEMPLIERS";"3 étoiles";"";"Route de Millau, D609, 34520 LE CAYLAR";"Non trouvé";"0Non trouvé";"http://www.camping-lecaylar-larzac.com/";"bien noté";"";"87";"29";"Erreur site";"";"";"";"";"";""
"CAMPING LES 4 SAISONS";"3 étoiles";"";"Route d'Aulus, 9140 OUST";"camping.ariege@gmail.com";"05 61 65 89 21";"https://camping4saisons.com/";"bien noté";"";"315";"105";"Non";"";"";"";"";"";""
"CAMPING LES 3 CANTONS";"4 étoiles";"";"Lieu-dit les 3 Cantons, 82140 SAINT-ANTONIN-NOBLE-VAL";"info@3cantons.fr";"0Non trouvé";"https://www.camping3cantons.com/";"bien noté";"";"297";"99";"Non";"";"";"";"";"";""
"CAMPING DE LA LOIRE";"3 étoiles";"";"55 Rue de la Loire, 44360 CORDEMAIS";"contact@campingdelaloire.com";"+33240031646";"campingdelaloire.com";"bien noté";"";"189";"63";"Non";"";"";"";"";"";""
"CAMPING LES 2 VALLÉES";"3 étoiles";"";"Route de l'estrade basse, 12230 NANT";"contact@lesdeuxvallees.com";"+33565622689";"https://www.lesdeuxvallees.com";"bien noté";"";"240";"80";"Non";"";"";"";"";"";""
"CAMPING LE VERDIER";"3 étoiles";"";"Route Départementale 907, 30125 SAUMANE";"campingleverdier@outlook.com";"04 66 60 03 62";"https://www.camping-le-verdier.com/";"bien noté";"";"186";"62";"Non";"";"";"";"";"";""
"CAMPING LE VENTOULOU";"4 étoiles";"";"Lieu-dit Ventoulou, 46500 THÉGRA";"contact@leventoulou.com";"+33565336701";"https://www.camping-leventoulou.com/";"bien noté";"";"372";"124";"Non";"";"";"";"";"";""
"CAMPING LE VALENTY";"3 étoiles";"";"Valenty, 46700 SOTURAC";"campinglevalenty@gmail.com";"06 50 74 21 59";"https://www.campinglevalenty.fr/";"bien noté";"";"150";"50";"Non";"";"";"";"";"";""
"CAMPING LE VAL DE SAURES";"3 étoiles";"";"Saures, 12140 ENTRAYGUES-SUR-TRUYÈRE";"info@camping-valdesaures.com";"0Non trouvé";"https://www.camping-valdesaures.com/";"bien noté";"";"330";"110";"Non";"";"";"";"";"";""
"CAMPING LE VAL DE CESSE";"4 étoiles";"";"Lieu-dit la Garenne, 11120 MIREPEISSET";"Non trouvé";"+33559477070";"www.campingvaldecesse.com";"bien noté";"";"309";"103";"Non";"";"";"";"";"";""
"CAMPING LE TIVOLI";"3 étoiles";"";"Le Tivoli, 48000 MENDE";"camping.tivoli0601@orange.fr";"0Non trouvé";"https://camping-tivoli.com/";"bien noté";"";"300";"100";"Non";"";"";"";"";"";""
"CAMPING LE TEXAS";"3 étoiles";"";"Taxo d'avall, 66700 ARGELÈS-SUR-MER";"letexas@clicochic.com";"0033 (0)4 68 81 00 17";"https://www.clicochic.com/camping-france-languedoc_roussillon-texas-FR.html";"bien noté";"";"405";"135";"Non";"";"";"";"";"";""
"CAMPING LE VIEUX VERGER";"3 étoiles";"";"Avenue des Platanes, 30330 CONNAUX";"Non trouvé";"0668665029";"http://www.campinglevieuxverger.com";"bien noté";"";"162";"54";"Non";"";"";"";"";"";""
"CAMPING LE LOGIS";"3 étoiles";"";"4 chemin du Logis, 85160 SAINT-JEAN-DE-MONTS";"camping-lelogis@orange.fr";"02 51 58 60 67";"https://www.camping-saintjeandemonts.com/";"bien noté";"";"132";"44";"Non";"";"";"";"";"";""
"CAMPING LE MARAIS NEUF";"3 étoiles";"";"Chemin de la sencerie, 85550 LA BARRE-DE-MONTS";"Non trouvé";"0Non trouvé";"http://www.campingdevendee.fr";"bien noté";"";"288";"96";"Non";"";"";"";"";"";""
"CAMPING DE LA FALAISE";"4 étoiles";"";"1 boulevard de Belmont, 44420 LA TURBALLE";"info@camping-de-la-falaise.com";"02 40 23 32 53";"www.camping-de-la-falaise.com";"bien noté";"";"432";"144";"Non";"";"";"";"";"";""
"CAMPING LE FAUTAIS";"3 étoiles";"";"18 route de la Tranche, 85460 LA FAUTE-SUR-MER";"campinglefautais@gmail.com";"0Non trouvé";"https://www.campingfautais.com/";"bien noté";"";"200";"50";"Non";"";"";"";"";"";""
"CAMPING DOMAINE OYAT";"4 étoiles";"";"7 rue du Centre, 85800 LE FENOUILLER";"contact@domaineoyat.com";"33251551135";"https://www.domaineoyat.com/";"bien noté";"";"360";"92";"Non";"";"";"";"";"";""
"CAMPING DU BOIS DE BEAUMARD";"3 étoiles";"";"1 rue de l'île de beaumard, 44160 PONTCHÂTEAU";"camping.boisbeaumard@gmail.com";"02 40 88 03 36";"http://www.camping-beaumard.com/";"bien noté";"";"138";"46";"Non";"";"";"";"";"";""
"CAMPING DE LA PLAGE";"3 étoiles";"";"route du Plessis, 72510 MANSIGNÉ";"resa@basedeloisirsmansigne.fr";"0Non trouvé";"https://www.basedeloisirsmansigne.fr/";"bien noté";"";"300";"100";"Non";"";"";"";"";"";""
"CAMPING DE LA MOTTE";"4 étoiles";"";"14 bis La Motte, 85250 VENDRENNES";"contact@camping-vendee-lamotte.com";"02 51 63 59 67";"https://www.camping-vendee-lamotte.com/";"bien noté";"";"260";"97";"Non";"";"";"";"";"";""
"CAMPING LE PARC DE LA GRÈVE";"4 étoiles";"";"5 Rue des Sables, 85220 L'AIGUILLON-SUR-VIE";"contact@leparcdelagreve.com";"+33251228623";"https://www.leparcdelagreve.com/";"bien noté";"";"288";"96";"Non";"";"";"";"";"";""
"CAMPING LE MERVAL";"3 étoiles";"";"Lieu-dit Merval, 85450 PUYRAVAULT";"Non trouvé";"02 51 28 60 84";"https://www.camping-marais-poitevin.com/";"bien noté";"";"213";"71";"Non";"";"";"";"";"";""
"CAMPING DE L'ÎLE MOUCHET";"3 étoiles";"";"Impasse de l'île mouchet, 44150 ANCENIS-SAINT-GÉRÉON";"camping-ile-mouchet@orange.fr";"02 40 83 08 43";"http://www.camping-estivance.com/";"bien noté";"";"387";"129";"Non";"";"";"";"";"";""
"CAMPING LE PANORAMA";"3 étoiles";"";"41 route de la Turballe, 44350 GUÉRANDE";"Non trouvé";"0Non trouvé";"http://www.camping-lepanorama.com";"bien noté";"";"342";"114";"Non";"";"";"";"";"";""
"CAMPING DE LA BAIE";"4 étoiles";"";"Keravélo, 44410 ASSÉRAC";"accueil@camping-delabaie.com";"02 40 01 71 16";"https://www.camping-delabaie.com/";"bien noté";"";"411";"137";"Non";"";"";"";"";"";""
"CAMPING LE MOULIN DE RAMBOURG";"3 étoiles";"";"51 Rambourg, 85310 NESMY";"Non trouvé";"0Non trouvé";"https://www.campingmoulinderambourg.com/";"bien noté";"";"156";"51";"Non";"";"";"";"";"";""
"CAMPING DE LA BASE DE LOISIRS DE L'ÉTRUYÈRE";"3 étoiles";"";"L'Etruyère, 85120 LA TARDIÈRE";"info@campingletruyere.fr";"0251874063";"https://www.campingletruyere.fr/";"bien noté";"";"105";"35";"Non";"";"";"";"";"";""
"CAMPING LE MON CALME";"3 étoiles";"";"Rue de Norvoret, 44420 PIRIAC-SUR-MER";"Non trouvé";"0Non trouvé";"www.campingmoncalme.com";"bien noté";"";"228";"76";"Non";"";"";"";"";"";""
"CAMPING DE LA CORSIVE";"3 étoiles";"";"47 route de la Corsive, 85550 LA BARRE-DE-MONTS";"campingdelacorsive@orange.fr";"0251685006";"https://www.campingdelacorsive.com/";"bien noté";"";"484";"121";"Non";"";"";"";"";"";""
"CAMPING LE JARDIN DU MARAIS";"3 étoiles";"";"208 route de saint Gilles, 85300 LE PERRIER";"Non trouvé";"0Non trouvé";"https://www.camping-le-jardin-du-marais.com/";"bien noté";"";"339";"113";"Non";"";"";"";"";"";""
"CAMPING LE MARAIS SAUVAGE";"3 étoiles";"";"12 route de la sevre, 85420 LE MAZEAU";"camping@lemaraissauvage.fr";"02 51 52 82 84";"https://www.camping-le-marais-sauvage.fr/";"bien noté";"";"171";"57";"Non";"";"";"";"";"";""
"CAMPING DE LA CÔTE SAUVAGE";"3 étoiles";"";"46 avenue de la Pierre Longue, 44490 LE CROISIC";"Non trouvé";"0Non trouvé";"https://vacances.csec-sg.com/cat107/csecsg-le-croisic/index.asp";"bien noté";"";"447";"149";"Erreur site";"";"";"";"";"";""
"CAMPING LE PONT ROMAIN";"4 étoiles";"";"Allée des Ormeaux, 72530 YVRÉ-L'ÉVÊQUE";"Non trouvé";"0Non trouvé";"https://www.onlycamp.fr/camping-pont-romain/";"bien noté";"";"246";"82";"Non";"";"";"";"";"";""
"CAMPING LE TEMPS D'UNE PAUSE";"3 étoiles";"";"faubourg de conques, 12320 CONQUES";"camping.conques@gmail.com";"05 65 69 82 23";"http://www.le-temps-dune-pause.fr/";"bien noté";"";"180";"60";"Non";"";"";"";"";"";""
"CAMPING LE PONT ROUGE";"3 étoiles";"";"Rue Georges Clémenceau, 85220 SAINT-RÉVÉREND";"camping.pontrouge@wanadoo.fr";"0251546850";"https://www.camping-lepontrouge.com/";"bien noté";"";"375";"75";"Non";"";"";"";"";"";""
"CAMPING CASTEL DE CHANTELOUP";"5 étoiles";"";"Chanteloup, 72460 SILLÉ-LE-PHILIPPE";"contact@chateaudechanteloup.com";"02 43 27 51 07";"http://chateau-de-chanteloup.com";"bien noté";"";"402";"134";"Non";"";"";"";"";"";""
"CAMPING LE DOMAINE DU HOUSSAY";"3 étoiles";"";"Route d'Arnage, 72700 SPAY";"Non trouvé";"+33 2 43 21 16 58";"www.domaine-du-houssay.com";"bien noté";"";"240";"80";"Non";"";"";"";"";"";""
"CAMPING DU GOLF";"3 étoiles";"";"40 rue de la renaissance, 44210 PORNIC";"contact@campingdugolf.fr";"(0) 2 40 82 46 17";"http://campingdugolf.fr";"bien noté";"";"273";"91";"Non";"";"";"";"";"";""
"CAMPING DU GRAND FAY";"3 étoiles";"";"rue du grand fay, 44320 SAINT-PÈRE-EN-RETZ";"contact@grandfay.fr";"0240217289";"https://www.grandfay.fr/";"bien noté";"";"231";"77";"Non";"";"";"";"";"";""
"CAMPING DU GUÉ SAINT-LÉONARD";"3 étoiles";"";"818 rue Saint Léonard, 53100 MAYENNE";"Non trouvé";"0Non trouvé";"https://www.campingduguesaintleonard.fr/";"bien noté";"";"231";"77";"Erreur site";"";"";"";"";"";""
"CAMPING DU LAC DE LA CHAUSSELIÈRE";"4 étoiles";"";"Route des Herbiers, 85600 LA GUYONNIÈRE";"camping@chausseliere.fr";"02 51 41 98 40";"http://www.chausseliere.com";"bien noté";"";"297";"99";"Non";"";"";"";"";"";""
"CAMPING DU VIEUX CHÂTEAU";"3 étoiles";"";"Avenue du Vieux Tharon, 44730 SAINT-MICHEL-CHEF-CHEF";"campingduvieuxchateau@gmail.com";"+33240278347";"https://www.camping-duvieuxchateau.com/";"bien noté";"";"222";"74";"Non";"";"";"";"";"";""
"CAMPING LE DOMAINE DES PINS";"4 étoiles";"";"151 avenue de la faye, 85270 SAINT-HILAIRE-DE-RIEZ";"info@ledomainedespins.com";"02 51 58 23 33";"http://www.ledomainedespins.com";"bien noté";"";"420";"140";"Non";"";"";"";"";"";""
"CAMPING DU DEFFAY";"3 étoiles";"";"Lieu-Dit Le Deffay, 44160 PONTCHÂTEAU";"Non trouvé";"0Non trouvé";"www.camping-le-deffay.com";"bien noté";"";"342";"114";"Non";"";"";"";"";"";""
"CAMPING DU LION-D'ANGERS";"3 étoiles";"";"Route de Château Gontier, 49220 LE LION-D'ANGERS";"campingduliondangers@onlycamp.fr";"07 81 06 68 78";"https://www.aquadis-loisirs.com/camping-nature/camping-du-lion-dangers";"bien noté";"";"264";"88";"Non";"";"";"";"";"";""
"CAMPING DU MÛRIER";"3 étoiles";"";"Rue Alain Gerbault, 53400 CRAON";"Non trouvé";"0243069633";"http://www.campingdecraon53.fr/";"bien noté";"";"135";"45";"Non";"";"";"";"";"";""
"CAMPING DU PARC";"3 étoiles";"";"15 Route de Laval, 53200 AZÉ";"Non trouvé";"07 88 53 97 43";"http://campingchateaugontier.fr";"bien noté";"";"150";"50";"Non";"";"";"";"";"";""
"CAMPING DU PORT CAROLINE";"3 étoiles";"";"rue du pont caroline, 49800 BRAIN-SUR-L'AUTHION";"info@campingduportcaroline.fr";"02 41 80 42 18";"http://www.campingduportcaroline.fr";"bien noté";"";"375";"125";"Non";"";"";"";"";"";""
"CAMPING LA FONTAINE";"3 étoiles";"";"Route de Saint Molf, 44350 GUÉRANDE";"contact@camping-lafontaine.com";"02 40 24 96 19";"https://www.camping-lafontaine.com/";"bien noté";"";"440";"110";"Non";"";"";"";"";"";""
"CAMPING LA FORÊT";"3 étoiles";"";"1926 route de Sillé Plage, 72140 SILLÉ-LE-GUILLAUME";"contact@vacances-seasonova.com";"+33236810001";"https://vacances-seasonova.com/fr/camping/camping-seasonova-de-la-foret/";"bien noté";"";"400";"143";"Non";"";"";"";"";"";""
"CAMPING LE SEPTENTRION";"3 étoiles";"";"Chemin de Parcaigneau, 72350 BRÛLON";"campingleseptentrion@gmail.com";"33243956896";"https://www.campingleseptentrion.com/";"bien noté";"";"225";"75";"Non";"";"";"";"";"";""
"CAMPING LA FRÉTILLE";"3 étoiles";"";"La Basse Saligotière, 85560 LONGEVILLE-SUR-MER";"Non trouvé";"+33251332166";"https://www.lafretille.com";"bien noté";"";"250";"76";"Non";"";"";"";"";"";""
"CAMPING DU MOULIN";"3 étoiles";"";"Zone d'Activité de Câlin, 44190 CLISSON";"campingdumoulin@onlycamp.fr";"07 66 03 17 83";"https://camping-clisson.com/";"bien noté";"";"144";"48";"Non";"";"";"";"";"";""
"CAMPING LA POMME DE PIN";"4 étoiles";"";"Rue Vincent Auriol, 85520 JARD-SUR-MER";"info@pommedepin.net";"0251334385";"https://www.campingjard.fr/";"bien noté";"";"429";"143";"Non";"";"";"";"";"";""
"CAMPING LE DOMAINE DU PONT MAHÉ";"4 étoiles";"";"13 RUE PONT MAHÉ, 44410 ASSÉRAC";"contact@pont-mahe.com";"+33240017498";"http://www.pont-mahe.com";"bien noté";"";"333";"111";"Non";"";"";"";"";"";""
"CAMPING DU VIEUX MOULIN";"3 étoiles";"";"chemin des bergivaux, 72340 LA CHARTRE-SUR-LE-LOIR";"Non trouvé";"06 47 50 10 52";"https://campingduvieuxmoulin-lachartresurloir.fr/";"bien noté";"";"228";"76";"Non";"";"";"";"";"";""
"CAMPING FLEUR DE BRIÈRE";"3 étoiles";"";"route d'herbignac, 44410 SAINT-LYPHARD";"contact@campingfleurdebriere.com";"+33687107616";"http://www.campingfleurdebriere.com/fr";"bien noté";"";"294";"98";"Non";"";"";"";"";"";""
"CAMPING L'ALBATROS";"3 étoiles";"";"Chemin du Port aux Anes, 44770 LA PLAINE-SUR-MER";"campinglalbatros@orange.fr";"0Non trouvé";"http://www.albatros-camping.com";"bien noté";"";"135";"45";"Non";"";"";"";"";"";""
"CAMPING L'EDEN";"3 étoiles";"";"21 avenue de la Plage, 85470 BRETIGNOLLES-SUR-MER";"contact@edenbretignolles.com";"0251901643";"https://www.edenbretignolles.com/";"bien noté";"";"222";"74";"Non";"";"";"";"";"";""
"CAMPING L'ESTUAIRE";"3 étoiles";"";"Quai Eole, 44560 PAIMBŒUF";"contact@campinglestuaire.fr";"0240278453";"https://www.campinglestuaire.fr/";"bien noté";"";"488";"122";"Non";"";"";"";"";"";""
"CAMPING L'HERMITAGE DES DUNES";"3 étoiles";"";"Rue du bois Millet, 44760 LES MOUTIERS-EN-RETZ";"hermitagedesdunes@gmail.com";"0240646400";"https://hermitagedesdunes.com/";"bien noté";"";"264";"88";"Non";"";"";"";"";"";""
"CAMPING LE COTTAGE BOISÉ";"3 étoiles";"";"route d'angles, 85560 LONGEVILLE-SUR-MER";"Non trouvé";"02 51 33 38 85";"https://www.camping-lecottageboise.com";"bien noté";"";"396";"132";"Non";"";"";"";"";"";""
"CAMPING L'ILE CARIOT";"3 étoiles";"";"Rue du 8 mai, 85450 CHAILLÉ-LES-MARAIS";"camping.ilecariot@gmail.com";"0251567527";"https://www.camping-chaille-les-marais.com/";"bien noté";"";"180";"51";"Non";"";"";"";"";"";""
"CAMPING DU LAC";"4 étoiles";"";"Plan d'eau, 72160 TUFFÉ";"campingdulac.tuffe@orange.fr";"0243938834";"http://www.camping.tuffe.fr";"bien noté";"";"480";"120";"Non";"";"";"";"";"";""
"CAMPING L'ÎLE DE KERNODET";"4 étoiles";"";"19 route de la Turballe, 44350 SAINT-MOLF";"contact@camping-iledekernodet.com";"0240625562";"https://camping-iledekernodet.com/";"bien noté";"";"285";"95";"Non";"";"";"";"";"";""
"CAMPING LA BUZELIÈRE";"4 étoiles";"";"79 rue de Notre Dame, 85160 SAINT-JEAN-DE-MONTS";"info@buzeliere.com";"+330251586480";"https://www.buzeliere.com/";"bien noté";"";"386";"118";"Non";"";"";"";"";"";""
"CAMPING LA CHABOTIÈRE";"3 étoiles";"";"Place des Tilleuls, 72800 LUCHÉ-PRINGÉ";"contact@lachabotiere.com";"02 43 45 10 00";"https://www.lachabotiere.com/";"bien noté";"";"258";"86";"Non";"";"";"";"";"";""
"CAMPING LE CLOS DES PINS";"4 étoiles";"";"1336 avenue du Docteur Joussemet, 85560 LONGEVILLE-SUR-MER";"%69%6e%66%6f@%63%61%6d%70%69%6e%67%63%6c%6f%73%64%65%73%70%69%6e%73.%63%6f%6d";"+33251903169";"www.campingclosdespins.com";"bien noté";"";"279";"93";"Non";"";"";"";"";"";""
"CAMPING LA CLÉROCA";"3 étoiles";"";"Lieu-Dit la Cléroca, 85580 GRUES";"Non trouvé";"0Non trouvé";"http://www.camping-la-cleroca.com";"bien noté";"";"198";"66";"Non";"";"";"";"";"";""
"CAMPING LA CONGE";"3 étoiles";"";"10 Avenue de la Pège, 85270 SAINT-HILAIRE-DE-RIEZ";"contact@campinglaconge.com";"+33(0)251543247";"http://www.campinglaconge.com";"bien noté";"";"402";"134";"Non";"";"";"";"";"";""
"CAMPING ESCALE DE LOIRE";"3 étoiles";"";"529 route de la corniche Angevine, 49290 CHALONNES-SUR-LOIRE";"Non trouvé";"0Non trouvé";"http://www.camping-escaledeloire.fr/";"bien noté";"";"315";"105";"Non";"";"";"";"";"";""
"CAMPING LE DOMAINE DE LA BILLARDIERE";"3 étoiles";"";"Route de Champ Saint Père, 85540 MOUTIERS-LES-MAUXFAITS";"";"06 85 27 37 41";"http://www.domaine-labillardiere.fr/";"bien noté";"";"400";"100";"Non";"";"";"";"";"";""
"CAMPING LA BELLE ANSE";"3 étoiles";"";"161 boulevard du Maréchal de Lattre de Tassigny, 85360 LA TRANCHE-SUR-MER";"belleanse@vacances-andretrigano.com";"+33 (0)5 61 69 05 07";"https://vacances-andretrigano.com/camping/vendee/la-belle-anse-la-tranche-sur-mer";"bien noté";"";"165";"55";"Non";"";"";"";"";"";""
"CAMPING LE BELLEVUE";"3 étoiles";"";"156 Boulevard Maréchal de Lattre de Tassigny, 85360 LA TRANCHE-SUR-MER";"contact@camping-lebellevue.fr";"02 53 59 25 81";"https://www.camping-lebellevue.fr/";"bien noté";"";"120";"40";"Non";"";"";"";"";"";""
"CAMPING LA PROMENADE";"4 étoiles";"";"la promenade, 49570 MONTJEAN-SUR-LOIRE";"Non trouvé";"0241390268";"http://campinglapromenade.com";"bien noté";"";"417";"139";"Non";"";"";"";"";"";""
"CAMPING LA PRÉVOTÉ";"3 étoiles";"";"62 avenue de la faye, 85270 SAINT-HILAIRE-DE-RIEZ";"campinglaprevote@orange.fr";"0251543119";"http://www.camping-laprevote.fr/";"bien noté";"";"138";"46";"Non";"";"";"";"";"";""
"CAMPING LE BOIS VERDON";"4 étoiles";"";"62 Rue du Moulin Cassé, 85160 SAINT-JEAN-DE-MONTS";"info@camping-leboisverdon.com";"0251581061";"www.camping-leboisverdon.com";"bien noté";"";"177";"59";"Non";"";"";"";"";"";""
"CAMPING LA PETITE BOULOGNE";"3 étoiles";"";"Chemin du Petit Pont, 85670 SAINT-ÉTIENNE-DU-BOIS";"Non trouvé";"0Non trouvé";"https://www.lapetiteboulogne.fr/";"bien noté";"";"84";"39";"Non";"";"";"";"";"";""
"CAMPING LA GUYONNIÈRE";"3 étoiles";"";"10 chemin de la guyonnière, 49620 MAUGES-SUR-LOIRE";"Non trouvé";"0Non trouvé";"http://www.campinglaguyonniere.fr";"bien noté";"";"138";"46";"Non";"";"";"";"";"";""
"CAMPING LE BOIS TORDU";"4 étoiles";"";"84 avenue de la Pège, 85270 SAINT-HILAIRE-DE-RIEZ";"Non trouvé";"0251543378";"https://www.leboistordu.com/";"bien noté";"";"309";"103";"Non";"";"";"";"";"";""
"CAMPING LA JOLETIÈRE";"3 étoiles";"";"La Joletière, 85200 MERVENT";"camping.la.joletiere@wanadoo.fr";"0251002687";"http://www.campinglajoletiere.fr";"bien noté";"";"216";"72";"Non";"";"";"";"";"";""
"CAMPING LA MOTINE";"3 étoiles";"";"4 rue des Morinières, 85470 BRETIGNOLLES-SUR-MER";"Non trouvé";"02 28 10 90 33";"https://www.lamotine.com/";"bien noté";"";"300";"81";"Non";"";"";"";"";"";""
"CAMPING LA MOUETTE CENDRÉE";"3 étoiles";"";"19 Les Malécots, 85520 SAINT-VINCENT-SUR-JARD";"Non trouvé";"0251335904";"https://mouettecendree.com/";"bien noté";"";"400";"101";"Non";"";"";"";"";"";""
"CAMPING LA GUILLOTIÈRE";"3 étoiles";"";"42 ROUTE DE LA BARRE DE MONTS, 85690 NOTRE-DAME-DE-MONTS";"Non trouvé";"0Non trouvé";"-";"bien noté";"";"378";"126";"Non";"";"";"";"";"";""
"CAMPING LA PARÉE DU BOTH";"4 étoiles";"";"Avenue de la Parée Préneau, 85270 SAINT-HILAIRE-DE-RIEZ";"Non trouvé";"0251547827";"http://www.campingpareeduboth.com/";"bien noté";"";"297";"99";"Non";"";"";"";"";"";""
"CAMPING DU CANAL";"3 étoiles";"";"Rue Henri II de Rohan, 44130 BLAIN";"Non trouvé";"0240510351";"campingducanal.fr";"bien noté";"";"210";"70";"Non";"";"";"";"";"";""
"CAMPING DU BUGEAU";"3 étoiles";"";"33 avenue des Loriettes, 44380 PORNICHET";"Non trouvé";"+33240610202";"https://www.campingdubugeau.com/fr";"bien noté";"";"440";"110";"Non";"";"";"";"";"";""
"CAMPING DU BORD DE MER";"3 étoiles";"";"1 bis boulevard de l'Océan, 44730 SAINT-MICHEL-CHEF-CHEF";"reservation@campingduborddemer.com";"+33228531108";"https://www.borddemer-camping.com/";"bien noté";"";"365";"88";"Non";"";"";"";"";"";""
"CAMPING AUX COEURS VENDÉENS";"4 étoiles";"";"251 route de Notre-Dame-de-Monts, 85160 SAINT-JEAN-DE-MONTS";"info@coeursvendeens.com";"+33251588491";"https://www.coeursvendeens.com/";"bien noté";"";"460";"115";"Non";"";"";"";"";"";""
"CAMPING BELLE RIVIERE";"3 étoiles";"";"Route des Perrières, 44980 SAINTE-LUCE-SUR-LOIRE";"Non trouvé";"200240258581%";"https://camping-belleriviere.com/";"bien noté";"";"330";"110";"Non";"";"";"";"";"";""
"CAMPING LE PORT MELEU";"3 étoiles";"";"Corniche de Port Meleu, 44770 PRÉFAILLES";"contact@campingleportmeleu.fr";"07 56 22 18 46";"https://meleucamp.com/";"bien noté";"";"270";"90";"Non";"";"";"";"";"";""
"CAMPING LE PORT CHÉRI";"3 étoiles";"";"Rue du Petit Bois, 44210 PORNIC";"%63%6f%6e%74%61%63%74@%63%61%6d%70%69%6e%67-%6c%65%70%6f%72%74%63%68%65%72%69.%63%6f%6d";"+33240823457";"http://www.camping-leportcheri.com/";"bien noté";"";"396";"132";"Non";"";"";"";"";"";""
"CAMPING LE DOMAINE LA BAIE DE CAYOLA";"4 étoiles";"";"17 Promenade de Cayola, 85180 CHÂTEAU-D'OLONNE";"Non trouvé";"0Non trouvé";"http://www.camping-vendee-cayola.com/";"bien noté";"";"441";"147";"Erreur site";"";"";"";"";"";""
"CAMPING LA GRIÈRE";"3 étoiles";"";"62/64 boulevard du Maréchal de Lattre de Tassigny, 85360 LA TRANCHE-SUR-MER";"griere@vacances-andretrigano.com";"+33 (0)5 61 69 05 07";"https://vacances-andretrigano.com/camping/vendee/la-griere-la-tranche-sur-mer";"bien noté";"";"402";"134";"Non";"";"";"";"";"";""
"CAMPING LE BRANDAIS";"4 étoiles";"";"rue du sablais, 85470 BREM-SUR-MER";"lebrandais@clicochic.com";"02 51 28 10 20";"http://www.camping-vagues-oceanes.com/camping-vendee/brandais.html";"bien noté";"";"411";"137";"Non";"";"";"";"";"";""
"CAMPING LA GRISSE";"3 étoiles";"";"la grisse, 85540 LE GIVRE";"lagrisse@wanadoo.fr";"0251308303";"https://www.campinglagrisse.com/";"bien noté";"";"408";"136";"Non";"";"";"";"";"";""
"CAMPING LA RABINE";"3 étoiles";"";"allée de la rabine, 44270 MACHECOUL-SAINT-MÊME";"Non trouvé";"02 40 02 30 48";"www.camping-la-rabine.com";"bien noté";"";"393";"131";"Non";"";"";"";"";"";""
"CAMPING LA RIVE";"3 étoiles";"";"133 rue de La Barre, 85690 NOTRE-DAME-DE-MONTS";"campinglarive@yahoo.fr";"+33608103786";"https://camping-larive.fr/";"bien noté";"";"255";"73";"Non";"";"";"";"";"";""
"CAMPING LE BEAUPRÉ";"3 étoiles";"";"141 route de Kervarin, 44420 MESQUER";"Non trouvé";"02 40 42 64 16";"http://www.lebeaupre.com/";"bien noté";"";"126";"42";"Non";"";"";"";"";"";""
"CAMPING LA ROCHE MARTIN";"3 étoiles";"";"23 rue des étangs, 49420 POUANCÉ";"Non trouvé";"+332 41 95 14 32";"https://anjousportnature.com/camping-pouance/";"bien noté";"";"114";"38";"Non";"";"";"";"";"";""
"CAMPING LA RÉSIDENCE DU LAC";"3 étoiles";"";"2 rue de la meule, 85190 MACHÉ";"mediation@vivons-mieux-ensemble.fr";"02 51 55 20 30";"https://www.camping-residence-du-lac.fr/";"bien noté";"";"375";"125";"Non";"";"";"";"";"";""
"CAMPING LA SITTELLE";"3 étoiles";"";"place hector vincent, 72540 LOUÉ";"ajdilletlasittelle@gmail.com";"09 88 55 52 21";"https://www.camping-la-sittelle.fr/";"bien noté";"";"72";"24";"Non";"";"";"";"";"";""
"CAMPING LA TONG";"3 étoiles";"";"45 La chopinière, 85440 POIROUX";"Non trouvé";"0Non trouvé";"https://www.campinglatongvendee.fr/";"bien noté";"";"99";"33";"Non";"";"";"";"";"";""
"CAMPING LA VALLÉE DE POUPET";"3 étoiles";"";"Poupet, 85590 SAINT-MALÔ-DU-BOIS";"Non trouvé";"02 51 92 31 45";"https://valleedepoupet.com/";"bien noté";"";"315";"105";"Non";"";"";"";"";"";""
"CAMPING LA VALLÉE DES VIGNES";"4 étoiles";"";"Lieu-Dit La Croix Patron, 49700 CONCOURSON-SUR-LAYON";"infos@camping-la-vallee-des-vignes.com";"02 41 59 86 35";"https://camping-la-vallee-des-vignes.com/";"bien noté";"";"315";"105";"Non";"";"";"";"";"";""
"CAMPING LA VENISE DE L'OUEST";"3 étoiles";"";"14 allée du Valmer, 72400 LA FERTÉ-BERNARD";"camping.veniseouest@gmail.com";"0769160419";"https://campinglavenisedelouest.com/";"bien noté";"";"204";"68";"Non";"";"";"";"";"";""
"CAMPING LAC DE POUZAUGES";"3 étoiles";"";"L'Espérance, 85700 POUZAUGES";"campinglacpouzauges85@gmail.com";"02.85.67.01.55";"https://camping-pouzauges.com/";"bien noté";"";"219";"73";"Non";"";"";"";"";"";""
"CAMPING LE BERNIER";"3 étoiles";"";"56 rue de la Cormorane, 44770 LA PLAINE-SUR-MER";"camping.lebernier@orange.fr";"%2002 40 21  04 31";"https://www.camping-lebernier.fr/";"bien noté";"";"120";"40";"Non";"";"";"";"";"";""
"CAMPING LA PINÈDE";"3 étoiles";"";"100 route de la Pointe d'Arçay, 85460 LA FAUTE-SUR-MER";"camp.la.pinede@wanadoo.fr";"0251564062";"http://www.camping-lapinede.net";"bien noté";"";"210";"70";"Non";"";"";"";"";"";""
"CAMPING LA PINDIÈRE";"3 étoiles";"";"Lieu dit la Denais, 44810 HÉRIC";"contact@camping-la-pindiere.com";"02.40.57.65.41";"http://www.camping-la-pindiere.com";"bien noté";"";"294";"98";"Non";"";"";"";"";"";""
"CAMPING LE BOSQUET";"3 étoiles";"";"62 avenue de la pége, 85270 SAINT-HILAIRE-DE-RIEZ";"Non trouvé";"0251543461";"http://www.lebosquet.fr";"bien noté";"";"402";"134";"Non";"";"";"";"";"";""
"CAMPING LA GOVELLE";"3 étoiles";"";"10 route de la Govelle, 44740 BATZ-SUR-MER";"Non trouvé";"0Non trouvé";"https://lagovelle.wordpress.com/";"bien noté";"";"170";"48";"Non";"";"";"";"";"";""
"CAMPING LA GRANDE VALLÉE";"3 étoiles";"";"145 boulevard du Maréchal de Lattre de Tassigny, 85360 LA TRANCHE-SUR-MER";"c.lagrandevallee@orange.fr";"0251301282";"https://www.campinglagrandevallee.com/";"bien noté";"";"174";"58";"Non";"";"";"";"";"";""
"CAMPING CLUB LES DINOSAURES";"4 étoiles";"";"226 avenue de la Plage, 85440 TALMONT-SAINT-HILAIRE";"contact@lesdinosaures85.com";"02 51 22 20 10";"https://www.campinglesdinosaures.com/";"bien noté";"";"492";"122";"Non";"";"";"";"";"";""
"CAMPING LE SÉDOUR";"3 étoiles";"";"Plaine de Florac, 9400 SURBA";"Non trouvé";"+33561058728";"https://www.camping-lesedour.com/";"bien noté";"";"312";"78";"Non";"";"";"";"";"";""
"CAMPING LE PRÉ SAINT-ANDRÉ";"3 étoiles";"";"16 ROUTE D UZES, 30250 SOUVIGNARGUES";"Non trouvé";"0Non trouvé";"-";"bien noté";"";"300";"76";"Non";"";"";"";"";"";""
"CAMPING LE SOULHOL";"3 étoiles";"";"quai Auguste Salesses, 46400 SAINT-CÉRÉ";"campingsaintcere@gmail.com";"+33565381237";"https://www.camping-le-soulhol.fr/";"bien noté";"";"318";"106";"Non";"";"";"";"";"";""
"CAMPING LE MOULIN DU PONT D'ALIÈS";"3 étoiles";"";"ROUTE DE SAINT-MARTIN-LYS, 11500 SAINT-MARTIN-LYS";"camping.alies@orange.fr";"0468205327";"http://www.alies.fr";"bien noté";"";"178";"100";"Non";"";"";"";"";"";""
"CAMPING LE MOULIN DU LUECH";"3 étoiles";"";"Le Martinet, 30160 PEYREMALE";"lemoulinduluech@gmail.com";"06 28 34 54 62";"https://www.campingcevennes-atypique.com/";"bien noté";"";"108";"36";"Non";"";"";"";"";"";""
"CAMPING LE MOULIN DU BEL AIR";"3 étoiles";"";"Claux Bouyssole, 46310 SAINT-GERMAIN-DU-BEL-AIR";"contact@lot-camping.com";"0Non trouvé";"https://www.lot-camping.com/";"bien noté";"";"276";"92";"Non";"";"";"";"";"";""
"CAMPING LE MOULIN DES DONNES";"3 étoiles";"";"Le Moulin des Donnes, 46310 CONCORÈS";"Non trouvé";"0Non trouvé";"www.camping-moulindesdonnes.com";"bien noté";"";"186";"62";"Non";"";"";"";"";"";""
"CAMPING LES FRUITIERS";"3 étoiles";"";"8 rue Pierre Latécoère, 65200 BAGNÈRES-DE-BIGORRE";"lesfruitiers65@hotmail.com";"+33562952597";"https://www.camping-les-fruitiers.com/";"bien noté";"";"352";"88";"Non";"";"";"";"";"";""
"CAMPING LES FÉES DU LAC";"3 étoiles";"";"Carlebou, 81320 NAGES";"Non trouvé";"05 67 29 03 07";"https://www.lesfeesdulac.com/";"bien noté";"";"90";"30";"Non";"";"";"";"";"";""
"CAMPING LE DOMAINE SAINTE VEZIANE";"4 étoiles";"";"Route de Montblanc, 34550 BESSAN";"Non trouvé";"04 67 77 58 58";"www.domainesainteveziane.com";"bien noté";"";"387";"129";"Non";"";"";"";"";"";""
"CAMPING LE MOULIN DU ROY";"3 étoiles";"";"chemin de la pergue, 31250 REVEL";"Non trouvé";"+33561833247";"https://www.camping-lemoulinduroy.com";"bien noté";"";"150";"50";"Non";"";"";"";"";"";""
"CAMPING PYRÉNÉES NATURA";"4 étoiles";"";"Route du lac, 65400 ESTAING";"info@camping-pyrenees-natura.com";"+33 (0)6 49 51 88 19";"https://camping-pyrenees-natura.com";"bien noté";"";"222";"74";"Non";"";"";"";"";"";""
"CAMPING SAINT MARTIN";"4 étoiles";"";"Route de Maureillas, 66400 CÉRET";"bienvenue@camping-stmartin.fr";"33621504796";"www.camping-stmartin.fr";"bien noté";"";"180";"60";"Non";"";"";"";"";"";""
"CAMPING SAINT LAMBERT";"3 étoiles";"";"2050 avenue de l'aigoual, 12100 MILLAU";"contact@campingsaintlambert.fr";"+33565600048";"https://www.camping-millau-riviere.fr/fr-fr";"bien noté";"";"423";"141";"Non";"";"";"";"";"";""
"CAMPING RÊVE DES ÎLES";"3 étoiles";"";"Route de Taxo à la Mer, 66700 ARGELÈS-SUR-MER";"Non trouvé";"0Non trouvé";"https://www.camping-revedesiles.fr/";"bien noté";"";"354";"118";"Non";"";"";"";"";"";""
"CAMPING RÉSIDENTIEL LA PINÈDE";"4 étoiles";"";"Départementale 161, 34120 CASTELNAU-DE-GUERS";"info@residence-lapinede.com";"+33467110216";"https://www.residence-lapinede.com";"bien noté";"";"429";"143";"Non";"";"";"";"";"";""
"CAMPING ROUCAN WEST";"3 étoiles";"";"Chemin de Sainte Geneviève, 34450 VIAS";"info@campingleroucan.com";"04 67 21 64 64";"https://campingleroucan.com/accueil";"bien noté";"";"414";"138";"Non";"";"";"";"";"";""
"CAMPING ROOMPOT BEACH RESORT AGDE";"4 étoiles";"";"6 route du grau, 34300 AGDE";"Non trouvé";"0Non trouvé";"https://www.roompot.fr/destinations/france/occitanie/roompot-beach-resort-agde/";"bien noté";"";"228";"76";"Non";"";"";"";"";"";""
"CAMPING RONDIN DES BOIS";"3 étoiles";"";"Palhères, 48300 ROCLES";"Non trouvé";"0Non trouvé";"http://www.camping-rondin.com/";"bien noté";"";"204";"68";"Non";"";"";"";"";"";""
"CAMPING SAINT PAL";"3 étoiles";"";"Route de Gorges du Tain, 12720 MOSTUÉJOULS";"saintpal@orange.fr";"05 65 62 64 46";"https://www.campingsaintpal.com/";"bien noté";"";"222";"74";"Non";"";"";"";"";"";""
"CAMPING RIVIÈRE DE CABESSUT";"3 étoiles";"";"1180 rue de la Rivière, 46000 CAHORS";"contact@cabessut.com";"0565300630";"https://www.cabessut.com/";"bien noté";"";"327";"109";"Non";"";"";"";"";"";""
"CAMPING LE MOURÉTOU";"3 étoiles";"";"Route de l'Aigoual, 30570 VAL-D'AIGOUAL";"info@camping-mouretou.com";"0Non trouvé";"www.camping-mouretou.com";"bien noté";"";"99";"33";"Non";"";"";"";"";"";""
"CAMPING LE NOBLE VAL";"3 étoiles";"";"Route de Marsac, 82140 SAINT-ANTONIN-NOBLE-VAL";"nobleval@vacances-andretrigano.com";"+33 (0)5 61 69 05 07";"https://vacances-andretrigano.com/camping/tarn-et-garonne/le-noble-val-saint-antonin-noble-val";"bien noté";"";"210";"70";"Non";"";"";"";"";"";""
"CAMPING LE PLAN D'EAU SAINT CHARLES";"3 étoiles";"";"la cahuzière, 81220 DAMIATTE";"contact@campingplandeau.com";"+33563706607";"www.campingplandeau.com";"bien noté";"";"246";"82";"Non";"";"";"";"";"";""
"CAMPING LE PINADA";"3 étoiles";"";"hameau villerouge la cremade, 11200 FABREZAN";"camping@lepinada.com";"+33468433229";"https://www.lepinada.com/";"bien noté";"";"324";"108";"Non";"";"";"";"";"";""
"CAMPING LE PIGEONNIER";"3 étoiles";"";"212 route d' Estayrie , 46500 MIERS";"camping-le-pigeonnier@orange.fr";"33565337195";"https://www.campinglepigeonnier.com/";"bien noté";"";"130";"45";"Non";"";"";"";"";"";""
"CAMPING LE PICOUTY";"3 étoiles";"";"le mas de gramas, 46350 PAYRAC";"Non trouvé";"05 65 37 78 97";"http://www.camping-picouty.com";"bien noté";"";"153";"51";"Non";"";"";"";"";"";""
"CAMPING LE PETIT PYRÉNÉEN";"3 étoiles";"";"Lieu-Dit Castagnès, 9290 LE MAS-D'AZIL";"Non trouvé";"+33787061272";"http://www.campinglepetitpyreneen.com";"bien noté";"";"180";"60";"Non";"";"";"";"";"";""
"CAMPING LE PESSAC";"3 étoiles";"";"14 rue de pessac, 81570 VIELMUR-SUR-AGOUT";"info@camping-lepessac.com";"+33563743024";"https://www.camping-lepessac.com/";"bien noté";"";"180";"60";"Non";"";"";"";"";"";""
"CAMPING LE PAÏSSEROU";"3 étoiles";"";"Le Païsserou, 12270 NAJAC";"campingnajac@gmail.com";"0565297396";"http://www.campingnajac.com";"bien noté";"";"6";"80";"Non";"";"";"";"";"";""
"CAMPING LE MÉROU";"3 étoiles";"";"Lieu-dit Le Mérou, 82160 SAINT-PROJET";"campinglemerou@gmail.com";"+33 567 0520 40";"https://campinglemerou.com/fr/";"bien noté";"";"75";"25";"Non";"";"";"";"";"";""
"CAMPING LE PAS DE L'OURS";"3 étoiles";"";"Les Gesquis, 9310 ASTON";"campinglepasdelours@orange.fr";"+33561649033";"https://www.lepasdelours.fr/";"bien noté";"";"123";"41";"Non";"";"";"";"";"";""
"CAMPING LE PARC DE PALÉTÈS";"3 étoiles";"";"Allée des Orchidées, 9200 SAINT-GIRONS";"Non trouvé";"05 61 66 06 79";"https://www.camping-parc-de-paletes.com/";"bien noté";"";"159";"53";"Non";"";"";"";"";"";""
"CAMPING LE PARC";"3 étoiles";"";"Chemin Départementale 172, 34970 LATTES";"Non trouvé";"04 67 65 85 67";"http://www.leparccamping.com";"bien noté";"";"306";"102";"Non";"";"";"";"";"";""
"CAMPING LE PARADOU";"3 étoiles";"";"2 IMPASSE RONSARD, 34340 MARSEILLAN";"paradou@clicochic.com";"04 67 37 83 31";"https://www.clicochic.com/camping-france-languedoc_roussillon-paradou-FR.html";"bien noté";"";"147";"49";"Non";"";"";"";"";"";""
"CAMPING LE PARADIS";"3 étoiles";"";"Route de Valras, 34410 SÉRIGNAN";"Non trouvé";"+33467322403";"http://www.camping-leparadis.com";"bien noté";"";"360";"120";"Non";"";"";"";"";"";""
"CAMPING LE PARADIS";"3 étoiles";"";"la peyrugue, 46300 GOURDON";"Non trouvé";"+33565416501";"www.campingleparadis.com";"bien noté";"";"90";"30";"Non";"";"";"";"";"";""
"CAMPING LE PAPILLON";"3 étoiles";"";"les canals, 12640 LA CRESSE";"Non trouvé";"0Non trouvé";"http://www.campinglepapillon.com/fr/";"bien noté";"";"129";"43";"Non";"";"";"";"";"";""
"CAMPING LE NÉRI";"3 étoiles";"";"Le Néri, 32380 MAUROUX";"contact@campingleneri.com";"33581675010";"www.campingleneri.com";"bien noté";"";"132";"44";"Non";"";"";"";"";"";""
"CAMPING LE PARDAILLAN";"3 étoiles";"";"27 rue Pardaillan, 32330 GONDRIN";"contact@camping-le-pardaillan.com";"0562291669";"http://www.camping-le-pardaillan.com/";"bien noté";"";"258";"86";"Non";"";"";"";"";"";""
"CAMPING QUERCY VACANCES";"4 étoiles";"";"740 Chemin Du Mas De La Combe, 46090 SAINT-PIERRE-LAFEUILLE";"Non trouvé";"05 65 36 87 15";"http://www.quercy-vacances.com";"bien noté";"";"213";"71";"Non";"";"";"";"";"";""
"CAMPING PÔLE TOURISTIQUE BELLEVUE";"3 étoiles";"";"Le Bourg, 12140 GOLINHAC";"pole-bellevue12@orange.fr";"+33689554632";"https://pole-bellevue.fr/";"bien noté";"";"135";"45";"Non";"";"";"";"";"";""
"CAMPING PÉDRO";"3 étoiles";"";"2 Chemin de Notre Dame, 34300 AGDE";"Non trouvé";"0Non trouvé";"https://www.campingpedro.fr/";"bien noté";"";"204";"68";"Non";"";"";"";"";"";""
"SARL CAMPING TERRADOS";"3 étoiles";"";"7 route Saint-Préjet, 48210 LES VIGNES";"Non trouvé";"0Non trouvé";"https://www.campingleterrados.fr/";"bien noté";"";"195";"65";"Non";"";"";"";"";"";""
"SARL CAMPING DE NOGAREDE";"3 étoiles";"";"36 avenue d espagne, 66400 CÉRET";"Non trouvé";"0660279180";"www.campingdenogarede-ceret.fr";"bien noté";"";"147";"49";"Non";"";"";"";"";"";""
"ROUSSILLON CAMPING CATALAN";"4 étoiles";"";"3252 avenue de la Salanque, 66000 PERPIGNAN";"contact@cottagesdeperpignan.com";"04 48 07 23 51";"https://www.cottagesdeperpignan.com/";"bien noté";"";"484";"121";"Non";"";"";"";"";"";""
"LES TILLEULS";"3 étoiles";"";"330 CHEMIN DU ROUX, 46500 ROCAMADOUR";"lestilleuls-roca@orange.fr";"33565336466";"https://www.lestilleuls-roca.com/";"bien noté";"";"64";"35";"Non";"";"";"";"";"";""
"FLOWER CAMPING OLIVIGNE";"4 étoiles";"";"3 chemin de Montouliers, 11120 BIZE-MINERVOIS";"contact@campingolivigne.fr";"+330468461440";"www.campingolivigne.fr";"bien noté";"";"243";"81";"Non";"";"";"";"";"";""
"FLOWER CAMPING LES GORGES DE L'AVEYRON";"4 étoiles";"";"Marsac bas, 82140 SAINT-ANTONIN-NOBLE-VAL";"camping.gorges.aveyron82@gmail.com";"+33563306976";"https://www.camping-gorges-aveyron.com/";"bien noté";"";"264";"88";"Non";"";"";"";"";"";""
"FAMILY'S CAMPING LES RIVES DE L'HERAULT";"4 étoiles";"";"10 chemin de la meuse, 34150 GIGNAC";"contact@familys-camping-lesrivesdelherault.fr";"06 46 25 91 60";"https://www.familys-camping-lesrivesdelherault.fr";"bien noté";"";"300";"100";"Non";"";"";"";"";"";""
"SARL LO GARDA RIU";"3 étoiles";"";"1664 route du Moulin de Bondouy, 81190 PAMPELONNE";"Non trouvé";"0Non trouvé";"-";"bien noté";"";"93";"31";"Non";"";"";"";"";"";""
"DOMAINE RELAIS DU LAC";"3 étoiles";"";"Saint Gervais, 12460 SAINT-SYMPHORIEN-DE-THÉNIÈRES";"Non trouvé";"0662809127";"https://www.domainerelaisdulac-aveyron.com/";"bien noté";"";"102";"34";"Non";"";"";"";"";"";""
"DOMAINE ARAMIS";"4 étoiles";"";"Quartier Gaubette, 32270 MARSAN";"contact@domaine-aramis.com";"00 33 5 62 65 60 11";"http://www.domaine-aramis.com";"bien noté";"";"162";"54";"Non";"";"";"";"";"";""
"CHÂTEAU DE LACOMTE COUNTRY CLUB";"4 étoiles";"";"Château de Lacomte, 46500 CARLUCET";"chateaudelacomte@gmail.com";"+33565387546";"http://www.chateaulacomte.com";"bien noté";"";"288";"96";"Non";"";"";"";"";"";""
"CHILL-LOT CAMPING INSOLITE";"3 étoiles";"";"Le Grand Pré, 46330 CÉNEVIÈRES";"camping.cenevieres@gmail.com";"06.32.58.56.29";"https://chill-lot.com/";"bien noté";"";"51";"17";"Non";"";"";"";"";"";""
"CAMPING ÉTANG DU CAMP";"3 étoiles";"";"étang du Camp, 12320 SÉNERGUES";"info@etangducamp.fr";"0Non trouvé";"http://etangducamp.fr";"bien noté";"";"180";"60";"Non";"";"";"";"";"";""
"CAMPING À L'OMBRE DES OLIVIERS";"3 étoiles";"";"avenue du stade, 11570 CAZILHAC";"Non trouvé";"0Non trouvé";"https://www.alombredesoliviers.com/";"bien noté";"";"200";"63";"Non";"";"";"";"";"";""
"CAMPING WHAKA LODGE";"4 étoiles";"";"Domaine Lacs de Gascogne, 32260 SEISSAN";"Non trouvé";"33562662794";"https://www.whakalodge.com/";"bien noté";"";"240";"80";"Non";"";"";"";"";"";""
"CAMPING VIVACAMP LA LAUNE";"3 étoiles";"";"chemin de saint honoré, 30400 VILLENEUVE-LÈS-AVIGNON";"campinglesavignon@gmail.com";"0Non trouvé";"https://www.camping-villeneuvelezavignon.com/";"bien noté";"";"378";"126";"Non";"";"";"";"";"";""
"DOMAINE O LANETTE";"3 étoiles";"";"Route de Subercarrère, 31110 MONTAUBAN-DE-LUCHON";"domaineolanette@orange.fr";"0Non trouvé";"https://domaineolanette-luchon.com/";"bien noté";"";"333";"111";"Non";"";"";"";"";"";""
"CAMPING SAINT-MÉEN";"4 étoiles";"";"3 Avenue du Port, 34350 VENDRES";"Non trouvé";"07 71 87 55 15";"http://www.camping-saint-meen.fr/";"bien noté";"";"438";"146";"Non";"";"";"";"";"";""
"CAMPING SAINT-MARTIN";"3 étoiles";"";"Camping Saint-Martin, 12100 CREISSELS";"contact@campingsaintmartin.fr";"+33565603183";"http://www.campingsaintmartin.fr/";"bien noté";"";"234";"78";"Non";"";"";"";"";"";""
"CAMPING SAINT-MARTIN";"3 étoiles";"";"rue du 19 mars 1962, 81540 SORÈZE";"campingsaintmartin@gmail.com";"+33563502019";"https://www.campingsaintmartin.com/";"bien noté";"";"159";"53";"Non";"";"";"";"";"";""
"CAMPING PYRÉNÉVASION";"4 étoiles";"";"Route de Luz Ardiden, 65120 SAZOS";"%69%6e%66%6f@%63%61%6d%70%69%6e%67%70%79%72%65%6e%65%76%61%73%69%6f%6e.%63%6f%6d";"+33562929154";"http://www.campingpyrenevasion.com";"bien noté";"";"297";"99";"Non";"";"";"";"";"";""
"CAMPING PREMIUM DU LAVEDAN";"4 étoiles";"";"Les peupliers, 65400 LAU-BALAGNAS";"%63%6f%6e%74%61%63%74@%6c%61%76%65%64%61%6e.%63%6f%6d";"+33562971884";"https://www.lavedan.com/quartier-premium-hautes-pyrenees";"bien noté";"";"111";"37";"Non";"";"";"";"";"";""
"CAMPING NAMASTÉ";"4 étoiles";"";"Le Village, 31480 PUYSSÉGUR";"Non trouvé";"011122 13 52";"http://www.camping-namaste.com/fr";"bien noté";"";"180";"60";"Non";"";"";"";"";"";""
"CAMPING PORTES D'ARIÈGE";"3 étoiles";"";"Route d'Escosse, 9100 PAMIERS";"contact@camping-portesdariege.com";"+330534014358";"https://www.camping-portesdariege.com";"bien noté";"";"306";"102";"Non";"";"";"";"";"";""
"CAMPING PLEINE MER";"4 étoiles";"";"chemin du clot, 34450 VIAS";"Non trouvé";"0Non trouvé";"https://campingpleinemer.fr/";"bien noté";"";"282";"94";"Non";"";"";"";"";"";""
"CAMPING PLEIN SOLEIL";"3 étoiles";"";"11 avenue du Monge, 65100 LOURDES";"contact@camping-pleinsoleil.com";"+33623146438";"https://www.camping-pleinsoleil.com/";"bien noté";"";"99";"33";"Non";"";"";"";"";"";""
"CAMPING PITTORESQUE";"3 étoiles";"";"52 route de la vallee, 12300 SAINT-PARTHEM";"info@campingpittoresque.nl";"+33 6 81 42 37 64";"www.campingpittoresque.nl";"bien noté";"";"195";"65";"Non";"";"";"";"";"";""
"CAMPING PIN PARASOL";"3 étoiles";"";"La Crouzette, 34630 SAINT-THIBÉRY";"Non trouvé";"+33467778429";"https://campinglepinparasol.fr/";"bien noté";"";"448";"112";"Non";"";"";"";"";"";""
"CAMPING PARC DU CHAROUZECH";"4 étoiles";"";"Lac de Pareloup, 12410 SALLES-CURAN";"info@parcducharouzech.fr";"+33 6 83 95 04 42";"https://www.parcducharouzech.fr/";"bien noté";"";"303";"101";"Non";"";"";"";"";"";""
"CAMPING PARC DE ROCA D'AMOUR";"4 étoiles";"";"Lieu-dit Trémouliére, 46500 PADIRAC";"rocadamour@capfun.com";"05.65.33.65.54";"https://www.capfun.com/camping-france-midi_pyrenees-roca_d_amour-FR.html";"bien noté";"";"243";"81";"Non";"";"";"";"";"";""
"CAMPING PARC D'AUDINAC LES BAINS";"4 étoiles";"";"148 route de Belloc, 9200 MONTJOIE-EN-COUSERANS";"campingaudinac@gmail.com%20";"05%2061%2066%2044%2050";"https://www.camping-audinaclesbains.com/";"bien noté";"";"378";"126";"Non";"";"";"";"";"";""
"CAMPING PADIMADOUR";"4 étoiles";"";"Lieu-dit La Châtaigneraie, 46500 ROCAMADOUR";"Non trouvé";"0Non trouvé";"https://www.padimadour.fr/fr/";"bien noté";"";"300";"96";"Non";"";"";"";"";"";""
"CAMPING OCCITANIE II";"4 étoiles";"";"Chemin de Querelle, 34410 SÉRIGNAN";"";"0556079017";"https://siblu.fr/camping/france/mediterranee/occitanie/les-sables-du-midi";"bien noté";"";"291";"97";"Non";"";"";"";"";"";""
"CAMPING NEW DAY";"3 étoiles";"";"Route départementale 612, 34110 VIC-LA-GARDIOLE";"contact@campingnewday.fr";"+33467361252";"http://www.campingnewday.fr";"bien noté";"";"330";"110";"Non";"";"";"";"";"";""
"CAMPING NATURISTE LE FISCALOU";"3 étoiles";"";"Lieu-dit Sicardels, 81140 PUYCELSI";"Non trouvé";"05 63 30 45 95";"https://www.fiscalou.fr/";"bien noté";"";"174";"58";"Non";"";"";"";"";"";""
"CAMPING NATURE LOTGE";"3 étoiles";"";"impasse du pit, 46200 MAYRAC";"Non trouvé";"0Non trouvé";"www.campinglepic.com";"bien noté";"";"150";"50";"Non";"";"";"";"";"";""
"CAMPING SAINT-GEORGES";"3 étoiles";"";"Domaine Saint Georges, 66400 CÉRET";"campingsaintgeorges66@gmail.com";"04 68 87 03 73";"http://campingsaintgeorges.fr";"bien noté";"";"180";"60";"Non";"";"";"";"";"";""
"CAMPING LE PLÔ";"3 étoiles";"";"Route de Lavernhe, recoules-prévinquieres, 12150 SÉVÉRAC D'AVEYRON";"Non trouvé";"0Non trouvé";"http://campingleplo.fr";"bien noté";"";"135";"45";"Non";"";"";"";"";"";""
"CAMPING LE PLÔ";"3 étoiles";"";"Le Bourg, 81260 LE BEZ";"Non trouvé";"05 63 74 00 82";"https://www.camping-leplo.fr/";"bien noté";"";"215";"62";"Non";"";"";"";"";"";""
"CAMPING LE PONT";"3 étoiles";"";"Boyne, 12640 RIVIÈRE-SUR-TARN";"camping-le-pont@orange.fr";"0Non trouvé";"http://www.campinglepont.fr";"bien noté";"";"90";"30";"Non";"";"";"";"";"";""
"CAMPING LE MOULIN DE SAINTE-ANNE";"4 étoiles";"";"2 Chemin de Sainte-Anne, 11600 VILLEGLY";"contact@moulindesainteanne.com";"++33 4 68 72 20 80";"http://www.moulindesainteanne.com/";"bien noté";"";"177";"59";"Non";"";"";"";"";"";""
"CAMPING DUNES ET SOLEIL";"4 étoiles";"";"380 chemin de l'Airette, 34340 MARSEILLAN";"Non trouvé";"04 84 39 08 60";"https://www.homair.com/camping/dunes-et-soleil";"Campings engagés";"";"525";"175";"Oui";"1";"";"";"Appel passé";"Refus";"Pas intéressé"
"CAMPING D'ARROUACH";"4 étoiles";"";"9 rue des Trois Archanges, 65100 LOURDES";"contact@camping-arrouach.com";"0562421143";"https://www.camping-arrouach.com";"Campings engagés";"";"147";"49";"Oui";"1";"";"";"Appel passé";"A rappeler";"Pas de réponse"
"CAMPING LA MARINE";"4 étoiles";"";"2196 route de l'Espiguette, 30240 LE GRAU-DU-ROI";"Non trouvé";"04 30 05 15 19";"https://www.tohapi.fr/languedoc-roussillon/camping-la-marine.php";"Campings engagés";"";"867";"289";"Oui";"1";"";"";"Appel passé";"Refus";"Standard de réservation donc pas d'interlocuteur direct"
"CAMPING DOMAINE DE LA DRAGONNIÈRE";"5 étoiles";"";"Route Départementale 612 domaine de l'Espagnac, 34450 VIAS";"Non trouvé";"+33 4 11 32 90 00";"https://www.sandaya.fr/nos-campings/domaine-de-la-dragonniere";"Campings engagés";"";"1410";"470";"Oui";"1";"";"";"Mail à envoyer";"En attente";"Intéréssée, envoyer mail à Victoria de la réception : dragonniere@sandaya.fr "
"CAMPING TOHAPI LES 7 FONTS";"3 étoiles";"";"chemin de Baldy, Route Nationale 112, 34300 AGDE";"Non trouvé";"04 30 05 15 19";"https://www.tohapi.fr/languedoc-roussillon/camping-les-sept-fonts.php";"Campings engagés";"";"789";"263";"Oui";"1";"";"";"Appel passé";"Refus";"Standard de reservation"
"CAMPING SANDAYA LA GRANDE CÔTE";"4 étoiles";"";"route de la grande côte, 85550 LA BARRE-DE-MONTS";"Non trouvé";"+33 4 11 32 90 00";"https://www.sandaya.fr/nos-campings/la-grande-cote#start_date=09/07/2022&end_date=16/07/2022";"";"";"1884";"628";"Oui";"";"2026-09-23";"";"";"Refus";""
"CAMPING LE MOULIN DE L'ECLIS";"4 étoiles";"";"5 bis rue de la Plage, 44410 ASSÉRAC";"Non trouvé";"+33 4 11 32 90 00";"http://www.camping-moulin-de-leclis.fr/";"Campings engagés";"";"516";"172";"Oui";"3";"";"";"A contacter";"A rappeler";"Rappeler à 14h au 02 40 01 76 69"
"CAMPING LE RIEU";"3 étoiles";"";"174 chemin du Payrollet, 34340 MARSEILLAN";"lerieu@wanadoo.fr";"+33467219258";"http://www.campinglerieu.fr";"Campings engagés";"";"214";"43";"Non";"1";"";"";"Mail à envoyer";"En attente";"lerieu@wanadoo.fr"
"CAMPING LES AILLOS";"4 étoiles";"";"chemin des aillos, 31460 CARAMAN";"contact@lesaillos.eu";"+33 5 61 83 22 57";"http://www.lesaillos.eu/";"Bien notés";"";"210";"70";"Non";"";"";"";"Appel passé";"Refus";"Pas intéressé"
"CAMPING LES DROUILHÈDES";"3 étoiles";"";"100 allée du Camping, 30160 PEYREMALE";"Non trouvé";"0466250480";"https://www.campingcevennes.com/";"bien noté";"";"270";"90";"Non";"";"";"";"";"";""
"CAMPING LES CLAIRETTES";"3 étoiles";"";"Route de Péret, 34320 FONTÈS";"Non trouvé";"+33467250131";"https://www.campinglesclairettes.fr/";"bien noté";"";"336";"75";"Non";"";"";"";"";"";""
"CAMPING LES CIGALES";"3 étoiles";"";"2 bis impasse des Cigalous, Hameau de Conas, 34120 PÉZENAS";"Non trouvé";"+33467989799";"http://www.campinglescigales.com";"bien noté";"";"120";"40";"Non";"";"";"";"";"";""
"CAMPING LES CHÊNES CLAIRS";"3 étoiles";"";"Bourzole, 46110 CONDAT";"Camping@leschenesclairs.fr";"0Non trouvé";"https://www.camping-dans-le-lot.com/";"bien noté";"";"200";"50";"Non";"";"";"";"";"";""
"CAMPING LES CHÊNES";"3 étoiles";"";"95 chemin des Teuillères Basses, 30250 JUNAS";"camping-les-chenes@orange.fr";"04 66 80 99 07";"http://www.camping-les-chenes.com";"bien noté";"";"261";"87";"Non";"";"";"";"";"";""
"CAMPING LES CHÊNES";"4 étoiles";"";"Lieu-dit Mathieu, 46500 PADIRAC";"rocadamour@capfun.com";"05.65.33.65.54";"https://www.capfun.com/camping-france-midi_pyrenees-roca_d_amour-FR.html";"bien noté";"";"432";"144";"Non";"";"";"";"";"";""
"CAMPING LES CHÂTAIGNIERS";"3 étoiles";"";"6 rue deth cap deth vilatge, 65400 ARCIZANS-AVANT";"contact@camping-les-chataigniers.com";"06 30 58 11 00";"http://www.camping-les-chataigniers.com";"bien noté";"";"150";"50";"Non";"";"";"";"";"";""
"CAMPING LES EAUX VIVES";"3 étoiles";"";"CHAPEAUROUX, 48600 SAINT-BONNET-DE-MONTAUROUX";"Non trouvé";"+33 4 66 46 36 18";"www.camping-les-eaux-vives-lozere.com";"bien noté";"";"87";"29";"Non";"";"";"";"";"";""
"CAMPING LES CHALETS SUR LA DORDOGNE";"3 étoiles";"";"au port pont de puybrun, 46130 GIRAC";"chaletsurladordogne@gmail.com";"33565109333";"http://www.camping-chalet-sur-dordogne.com";"bien noté";"";"120";"40";"Non";"";"";"";"";"";""
"CAMPING LES CHALETS DE GAILLAC";"3 étoiles";"";"9 AVENUE GUY NEMER, 81600 GAILLAC";"contact@leschaletsdegaillac.com";"+33642508437";"www.leschaletsdegaillac.com";"bien noté";"";"27";"9";"Non";"";"";"";"";"";""
"CAMPING LES CERISIERS DU JAUR";"4 étoiles";"";"Route de Bédarieux, 34220 SAINT-PONS-DE-THOMIÈRES";"Non trouvé";"+33(0)467953033";"https://www.cerisierdujaur.com/";"bien noté";"";"425";"106";"Non";"";"";"";"";"";""
"CAMPING LES CERISIERS";"3 étoiles";"";"Mas de la Toure, 66400 CÉRET";"Non trouvé";"+33970358582";"https://www.campingcerisiers.fr/";"bien noté";"";"363";"121";"Non";"";"";"";"";"";""
"CAMPING LES CASCADES";"4 étoiles";"";"route de donnât, 30200 LA ROQUE-SUR-CÈZE";"Non trouvé";"+330466827297";"http://www.campinglescascades.com";"bien noté";"";"408";"136";"Non";"";"";"";"";"";""
"CAMPING LES CASCADES";"3 étoiles";"";"Rue sainte-barbe, 65120 LUZ-SAINT-SAUVEUR";"Non trouvé";"0Non trouvé";"http://www.camping-luz.com";"bien noté";"";"201";"67";"Erreur site";"";"";"";"";"";""
"CAMPING LES CANTARELLES";"3 étoiles";"";"baraque de malet, 12430 ALRANCE";"Non trouvé";"0Non trouvé";"www.campinglescantarelles.com/";"bien noté";"";"381";"127";"Erreur site";"";"";"";"";"";""
"CAMPING LES CALQUIÈRES";"5 étoiles";"";"17 avenue Jean Moulin, 12150 SÉVÉRAC-LE-CHÂTEAU";"%63%6f%6e%74%61%63%74@%63%61%6d%70%69%6e%67-%63%61%6c%71%75%69%65%72%65%73.%63%6f%6d";"0565476482";"www.camping-aveyron.fr";"bien noté";"";"312";"87";"Non";"";"";"";"";"";""
"CAMPING LES CHALETS DU LAC";"4 étoiles";"";"4 chemin du lac, 11340 BELCAIRE";"contact@leschaletsdulacbelcaire.fr";"+33 4 68 20 39 47";"http://www.camping-pyrenees-cathare.fr/";"bien noté";"";"240";"80";"Non";"";"";"";"";"";""
"CAMPING LES ESPARNETTES";"3 étoiles";"";"10 Chemin de Donnarel, 30450 GÉNOLHAC";"Non trouvé";"0Non trouvé";"http://www.lesesparnettes.fr/";"bien noté";"";"350";"63";"Non";"";"";"";"";"";""
"CAMPING LES EYCHECADOUS";"3 étoiles";"";"Route du camping, 9130 ARTIGAT";"campingartigat@gmail.com";"05 67 44 51 65";"https://www.campingartigat.com/";"bien noté";"";"234";"39";"Non";"";"";"";"";"";""
"CAMPING LES FAUVETTES";"3 étoiles";"";"1030 route de Saint-Jean-du-Gard, 30140 ANDUZE";"camping-les-fauvettes@orange.fr";"+33466617223";"https://www.camping-anduze.net/";"bien noté";"";"450";"142";"Non";"";"";"";"";"";""
"CAMPING LE SOLEIL DU PIBESTE";"4 étoiles";"";"16 avenue du lavedan, 65400 AGOS-VIDALOS";"Non trouvé";"+33672321704";"https://www.pibeste.fr/";"bien noté";"";"144";"48";"Non";"";"";"";"";"";""
"CAMPING LE SILEO";"3 étoiles";"";"Devant l'Anjou, 32320 MONTESQUIOU";"Non trouvé";"0Non trouvé";"http://campinglesileo-gers.com";"bien noté";"";"120";"40";"Non";"";"";"";"";"";""
"CAMPING LE RURAL";"3 étoiles";"";"Cap Des Arribas, 65150 TIBIRAN-JAUNAC";"contact@camping-le-rural.com";"06 09 22 21 52";"http://www.camping-le-rural.com";"bien noté";"";"200";"56";"Non";"";"";"";"";"";""
"CAMPING LE RUISSEAU";"3 étoiles";"";"Au Village, 65240 GOUAUX";"camping.leruisseau@orange.fr";"+33562399549";"https://www.camping-aure-pyrenees.com/";"bien noté";"";"345";"115";"Non";"";"";"";"";"";""
"CAMPING LE ROUQUIÉ";"3 étoiles";"";"Le Rouquié, 81260 LAMONTÉLARIÉ";"contact@campingrouquie.fr";"%2B33%280%295+63+70+98+06";"http://www.campingrouquie.fr";"bien noté";"";"222";"74";"Non";"";"";"";"";"";""
"CAMPING LE ROTJA";"3 étoiles";"";"11 avenue de la rotja, 66820 FUILLA";"camping@camping-lerotja.com";"33468965275";"www.camping-lerotja.com";"bien noté";"";"300";"100";"Non";"";"";"";"";"";""
"CAMPING LE ROQUELONGUE";"3 étoiles";"";"Lieu-dit Roquelongue, 12300 BOISSE-PENCHOT";"Non trouvé";"33565633967";"https://www.camping-roquelongue.com/";"bien noté";"";"198";"66";"Non";"";"";"";"";"";""
"CAMPING LE ROC QUI PARLE";"3 étoiles";"";"Les Cuns, 12230 NANT";"contact@camping-roc-qui-parle-aveyron.fr";"0Non trouvé";"https://www.camping-roc-qui-parle-aveyron.fr/";"bien noté";"";"252";"84";"Non";"";"";"";"";"";""
"CAMPING LE ROC";"4 étoiles";"";"2801 route d'Alvignac, 46500 ROCAMADOUR";"Non trouvé";"+33565336850";"https://www.camping-leroc.com/";"bien noté";"";"159";"53";"Non";"";"";"";"";"";""
"CAMPING LES AMARINES";"4 étoiles";"";"La Verune, 30630 CORNILLON";"Non trouvé";"0Non trouvé";"https://www.campinglesamarines.com/";"bien noté";"";"360";"120";"Non";"";"";"";"";"";""
"CAMPING LES ANGELES";"3 étoiles";"";"2595 Chemin Les Angeles, 32410 CÉZAN";"info@campinglesangeles.com";"+33562652980";"https://campinglesangeles.com/fr/";"bien noté";"";"129";"43";"Non";"";"";"";"";"";""
"CAMPING LES FLAMANTS ROSES";"5 étoiles";"";"2700 Route de l'Espiguette, 30240 LE GRAU-DU-ROI";"info@yellohvillage-petits-camarguais.com";"+33466539898";"https://www.yellohvillage-lesflamantsroses.com/fr/";"bien noté";"";"375";"125";"Non";"";"";"";"";"";""
"CAMPING LES BRUYÈRES";"3 étoiles";"";"Route de Céret, 66480 MAUREILLAS-LAS-ILLAS";"Non trouvé";"0Non trouvé";"http://camping-lesbruyeres-66.fr";"bien noté";"";"285";"95";"Non";"";"";"";"";"";""
"CAMPING VILLAGE DU PORT";"4 étoiles";"";"62 rue de l'Occitanie, 46200 SAINT-SOZY";"infos@village-du-port.com";"06 38 31 18 12";"https://www.village-du-port.com/";"bien noté";"";"198";"66";"Non";"";"";"";"";"";""
"CAMPING LES BOULDOUÏRES";"3 étoiles";"";"Lac de la Raviège, 34330 LA SALVETAT-SUR-AGOUT";"contact@campingbouldouires.fr";"+467973691";"https://www.campingbouldouires.fr";"bien noté";"";"342";"114";"Non";"";"";"";"";"";""
"CAMPING LES BOIS DE PRAYSSAC";"3 étoiles";"";"8 route Soeur Marguerite Meynen, 46220 PRAYSSAC";"villagevacancesdeprayssac@gmail.com";"05 65 35 65 22";"www.village-vacances-lesboisdeprayssac.fr";"bien noté";"";"84";"28";"Non";"";"";"";"";"";""
"CAMPING LE HARAS";"4 étoiles";"";"1 ter avenue Joliot Curie, 66690 PALAU-DEL-VIDRE";"Non trouvé";"+33468221450";"https://www.camping-le-haras.com/";"bien noté";"";"393";"131";"Non";"";"";"";"";"";""
"CAMPING LE HAMEAU DES LACS";"3 étoiles";"";"route de Rodez, 12430 VILLEFRANCHE-DE-PANAT";"contact@le-hameau-des-lacs.fr";"+330565674182";"https://le-hameau-des-lacs.fr/fr/";"bien noté";"";"75";"25";"Non";"";"";"";"";"";""
"CAMPING LE GRILLON";"3 étoiles";"";"8 chemin de Pradines, 34190 MONTOULIEU";"Non trouvé";"0Non trouvé";"http://camping.montoulieu.fr/";"bien noté";"";"111";"37";"Non";"";"";"";"";"";""
"CAMPING LE GR 10";"3 étoiles";"";"Quartier Concé, 65110 CAUTERETS";"Non trouvé";"06 20 30 25 85";"http://www.gr10camping.com";"bien noté";"";"208";"52";"Non";"";"";"";"";"";""
"CAMPING LE GERRIT";"3 étoiles";"";"3 rue du bourg, 65400 ARRENS-MARSOUS";"Non trouvé";"0Non trouvé";"https://legerrit.com";"bien noté";"";"132";"44";"Non";"";"";"";"";"";""
"CAMPING LE GAREL";"3 étoiles";"";"7 chemin du Garel, 34560 POUSSAN";"camping.legarel@wanadoo.fr";"330467782221";"https://www.campinglegarel.com/";"bien noté";"";"198";"66";"Non";"";"";"";"";"";""
"CAMPING LE GARDEN";"4 étoiles";"";"44 Place des Tamaris, 34280 LA GRANDE-MOTTE";"Non trouvé";"+33467565009";"http://www.legarden.fr";"bien noté";"";"432";"144";"Non";"";"";"";"";"";""
"CAMPING LE PORT DE LACOMBE";"3 étoiles";"";"Rue Lacombe, 12300 FLAGNAC";"campingportdelacombe@orange.fr";"33565631980";"https://www.camping-leportdelacombe.com/";"bien noté";"";"291";"97";"Non";"";"";"";"";"";""
"CAMPING LE GARANEL";"3 étoiles";"";"99 Chemin de la Princesse, 30250 SOMMIÈRES";"campinglegaranel@gmail.com";"04 66 80 33 49";"https://camping-garanel.fr/";"bien noté";"";"180";"60";"Non";"";"";"";"";"";""
"CAMPING LE FUN";"4 étoiles";"";"lieu-dit croix du bayle, 11510 FITOU";"contact@lefun-camping.com";"+33468457197";"https://www.lefun-camping.com/";"bien noté";"";"429";"143";"Non";"";"";"";"";"";""
"CAMPING LE FRANCES";"3 étoiles";"";"Hameau de Gamiac, 46120 LEYME";"nobleval@vacances-andretrigano.com";"+33 (0)5 61 69 05 07";"https://vacances-andretrigano.com/camping/lot/le-frances-leyme";"bien noté";"";"396";"132";"Non";"";"";"";"";"";""
"CAMPING LE FOU DU ROI";"4 étoiles";"";"491 chemin des Codoniers, 34130 LANSARGUES";"contact@campinglefouduroi.fr";"+33 4 67 86 78 08";"https://www.campinglefouduroi.fr/";"bien noté";"";"237";"79";"Non";"";"";"";"";"";""
"CAMPING LE FONTAULIÉ SUD";"3 étoiles";"";"2 chemin du Trabenet, 11500 NÉBIAS";"Non trouvé";"33651097033";"https://www.lefontauliesud.com/";"bien noté";"";"207";"69";"Non";"";"";"";"";"";""
"CAMPING LE MAS DU PADRE";"4 étoiles";"";"4 chemin du mas du padre, 34540 BALARUC-LES-BAINS";"Non trouvé";"0467485341";"https://masdupadre.com/fr/";"bien noté";"";"330";"110";"Non";"";"";"";"";"";""
"CAMPING LE MONTAGNOU";"3 étoiles";"";"Route de Guzet, 9140 USTOU";"campinglemontagnou@gmail.com";"33561669497";"https://www.lemontagnou.com/";"bien noté";"";"176";"44";"Non";"";"";"";"";"";""
"CAMPING LE MOULIN DE JULIEN";"3 étoiles";"";"moulin de julien, 81170 LIVERS-CAZELLES";"contact@campingmoulindejulien.com";"0Non trouvé";"http://www.campingmoulindejulien.com";"bien noté";"";"249";"83";"Non";"";"";"";"";"";""
"CAMPING LE GALIER";"3 étoiles";"";"route de saint chély, 48120 SAINT-ALBAN-SUR-LIMAGNOLE";"accueil@campinglegalier.fr";"+33466315880";"https://campinglozere.net/";"bien noté";"";"231";"77";"Non";"";"";"";"";"";""
"CAMPING LE HAUT SALAT";"3 étoiles";"";"route de Soueix, 9140 SEIX";"Non trouvé";"0561668178";"https://www.camping-haut-salat.com/";"bien noté";"";"402";"134";"Non";"";"";"";"";"";""
"CAMPING LE JARDIN DES CÉVENNES";"3 étoiles";"";"Route de la Brèze, 48150 MEYRUEIS";"infocamping@jardindescevennes.com";"0Non trouvé";"https://www.campinglejardindescevennes.com/";"bien noté";"";"270";"92";"Non";"";"";"";"";"";""
"CAMPING LE LAC DE LA THÉSAUQUE";"3 étoiles";"";"LE LAC DE LA THÉSAUQUE, 31560 MONTGEARD";"camping@thesauque.com";"+33 06 14 05 99 55";"https://www.campingthesauque.com";"bien noté";"";"177";"59";"Non";"";"";"";"";"";""
"CAMPING LES BERGES DU CÉLÉ";"3 étoiles";"";"La plaine, 46270 BAGNAC-SUR-CÉLÉ";"lesbergesducele@gmail.com";"0565349431";"http://www.lesbergesducele.com";"bien noté";"";"117";"39";"Non";"";"";"";"";"";""
"CAMPING LES BERGES DU CANAL";"4 étoiles";"";"promenade des vernets, 34420 VILLENEUVE-LÈS-BÉZIERS";"contact@campinglbdc.com";"04 67 39 36 09";"https://www.campinglesbergesducanal.com/";"bien noté";"";"270";"90";"Non";"";"";"";"";"";""
"CAMPING LE PUIGMAL";"3 étoiles";"";"30 route du Puigmal, 66800 ERR";"Non trouvé";"04 68 04 71 83";"https://camping-le-puigmal.fr/";"bien noté";"";"375";"125";"Non";"";"";"";"";"";""
"CAMPING LE PRÉ MORJAL";"3 étoiles";"";"4 chemin du beldou, 48320 ISPAGNAC";"contact@camping-premorjal.com";"+33466454357";"https://camping-premorjal.com/";"bien noté";"";"387";"129";"Non";"";"";"";"";"";""
"CAMPING LES FRÊNES";"3 étoiles";"";"46 route des vallées, 65400 LAU-BALAGNAS";"Non trouvé";"05 62 97 25 12";"https://www.campinglesfrenes.fr/";"bien noté";"";"360";"120";"Non";"";"";"";"";"";""
"CAMPING LE HOUNTA";"3 étoiles";"";"25 route de Gavarnie, 65120 SASSIS";"info@campinglehounta.com";"0630609159";"http://www.campinglehounta.com/";"bien noté";"";"363";"121";"Non";"";"";"";"";"";""
"CAMPING LE MAS DES SÉDARIÈS";"3 étoiles";"";"rue des sédariès, 48800 VILLEFORT";"Non trouvé";"0Non trouvé";"https://www.sedaries.com/";"bien noté";"";"114";"38";"Non";"";"";"";"";"";""
"CAMPING LE MAS DE REILHE";"4 étoiles";"";"169 Chemin du mas du reilhe, 30260 CRESPIAN";"contact@camping-mas-de-reilhe.fr";"04 66 77 82 12";"http://www.camping-mas-de-reilhe.fr";"bien noté";"";"255";"85";"Non";"";"";"";"";"";""
"CAMPING LE MAS DE MOURGUES";"3 étoiles";"";"Route de Saint Gilles, 30600 VAUVERT";"info@masdemourgues.com";"04 66 73 30 88";"https://www.masdemourgues.com/";"bien noté";"";"400";"81";"Non";"";"";"";"";"";""
"CAMPING LE MAS DE LINDE";"3 étoiles";"";"208 chemin de Linde, 30430 SAINT-PRIVAT-DE-CHAMPCLOS";"Non trouvé";"07 78 51 34 48";"www.masdelinde.com";"bien noté";"";"75";"25";"Non";"";"";"";"";"";""
"CAMPING LE MAS DE LIGNIÈRES";"3 étoiles";"";"2 chemin de la Source, 34210 CESSERAS";"lemas1@wanadoo%20.fr%20";"0468912486";"http://www.lemasdelignieres.fr/";"bien noté";"";"84";"28";"Non";"";"";"";"";"";""
"CAMPING LE MARTINET ROUGE";"3 étoiles";"";"rue du lac des rochers, 11390 BROUSSES-ET-VILLARET";"info@camping-martinet.com";"0468265198";"https://www.camping-martinet.fr";"bien noté";"";"198";"66";"Non";"";"";"";"";"";""
"CAMPING LE MALOLYA";"3 étoiles";"";"583 chemin du pont neuf, 11620 VILLEMOUSTAUSSOU";"Non trouvé";"+33468478190";"https://www.camping-carcassonne.net/";"bien noté";"";"213";"71";"Non";"";"";"";"";"";""
"CAMPING LE MALIVERT";"3 étoiles";"";"le malivert, 82220 MOLIÈRES";"Non trouvé";"0Non trouvé";"https://campingdumalivert.ellohaweb.com/";"bien noté";"";"87";"26";"Non";"";"";"";"";"";""
"CAMPING LE LUSTOU";"3 étoiles";"";"89 Chemin d'Agos, 65170 VIELLE-AURE";"contact@lustou.com";"05 62 39 40 64";"http://www.lustou.com";"bien noté";"";"207";"69";"Non";"";"";"";"";"";""
"CAMPING LE LOMAGNOL";"3 étoiles";"";"Avenue du Lac, 82500 BEAUMONT-DE-LOMAGNE";"campinglomagnol@gmail.com";"05 63 02 16 76";"https://www.camping-tarn-et-garonne.com/";"bien noté";"";"240";"80";"Non";"";"";"";"";"";""
"CAMPING LE LAURADIOL";"3 étoiles";"";"Le Lauradiol, 12140 CAMPOURIEZ";"Non trouvé";"05 65 44 53 95";"https://camping-lelauradiol.jimdofree.com/";"bien noté";"";"96";"32";"Non";"";"";"";"";"";""
"CAMPING LES BORDS DU TARN";"3 étoiles";"";"Route des Gorges du Tarn, 12720 MOSTUÉJOULS";"contact@campinglesbordsdutarn.com";"+33565626294";"https://www.campinglesbordsdutarn.com/fr-fr/";"bien noté";"";"330";"110";"Non";"";"";"";"";"";""
"CAMPING ONLYCAMP DES HALLES";"3 étoiles";"";"Allée Marcel Merle, 58300 DECIZE";"campingdeshalles@onlycamp.fr";"+33 (0) 7 49 67 89 20";"https://camping-des-halles-decize.fr/";"bien noté";"";"270";"90";"Non";"";"";"";"";"";""
